season,game_id,date_utc,home_team_id,away_team_id,higher_team_id,winner_team_id,higher_is_home,winner_is_home,correct,rating_gap,snapshot_as_of_utc
2026,18446819,2025-10-21T23:30:00Z,OKC,HOU,OKC,OKC,1,1,1,3.454401648119159,2025-12-29T04:36:19Z
2026,18446820,2025-10-22T02:00:00Z,LAL,GSW,LAL,GSW,1,0,0,3.2492815673814928,2025-12-29T04:36:19Z
2026,18446821,2025-10-22T23:00:00Z,NYK,CLE,NYK,NYK,1,1,1,1.3932161620258539,2025-12-29T04:36:19Z
2026,18446822,2025-10-23T01:30:00Z,DAL,SAS,SAS,SAS,0,0,1,12.393241596102065,2025-12-29T04:36:19Z
2026,18446823,2025-10-22T23:00:00Z,CHA,BKN,CHA,CHA,1,1,1,0.789293872345759,2025-12-29T04:36:19Z
2026,18446824,2025-10-22T23:00:00Z,ORL,MIA,ORL,ORL,1,1,1,1.8726432385058132,2025-12-29T04:36:19Z
2026,18446825,2025-10-22T23:30:00Z,ATL,TOR,TOR,TOR,0,0,1,4.155515863247258,2025-12-29T04:36:19Z
2026,18446826,2025-10-22T23:30:00Z,BOS,PHI,BOS,PHI,1,0,0,5.0154949804396,2025-12-29T04:36:19Z
2026,18446827,2025-10-23T00:00:00Z,CHI,DET,DET,CHI,0,1,0,7.739274921444703,2025-12-29T04:36:19Z
2026,18446828,2025-10-23T00:00:00Z,MEM,NOP,MEM,MEM,1,1,1,3.9661084971697944,2025-12-29T04:36:19Z
2026,18446829,2025-10-23T00:00:00Z,MIL,WAS,MIL,MIL,1,1,1,11.47923454231146,2025-12-29T04:36:19Z
2026,18446830,2025-10-23T01:00:00Z,UTA,LAC,LAC,UTA,0,1,0,7.211191056155294,2025-12-29T04:36:19Z
2026,18446831,2025-10-23T02:00:00Z,PHX,SAC,PHX,PHX,1,1,1,10.643905238349308,2025-12-29T04:36:19Z
2026,18446832,2025-10-23T02:00:00Z,POR,MIN,MIN,MIN,0,0,1,4.60273030032047,2025-12-29T04:36:19Z
2026,18446833,2025-10-23T23:30:00Z,IND,OKC,OKC,OKC,0,0,1,21.38984035423273,2025-12-29T04:36:19Z
2026,18446834,2025-10-24T02:00:00Z,GSW,DEN,DEN,GSW,0,1,0,12.372622997595728,2025-12-29T04:36:19Z
2026,18446835,2025-10-24T23:30:00Z,NYK,BOS,NYK,NYK,1,1,1,1.3036411620488773,2025-12-29T04:36:19Z
2026,18446836,2025-10-25T02:00:00Z,LAL,MIN,LAL,LAL,1,1,1,1.280534805020341,2025-12-29T04:36:19Z
2026,18446837,2025-10-24T23:00:00Z,ORL,ATL,ORL,ATL,1,0,0,6.066463962879906,2025-12-29T04:36:19Z
2026,18446838,2025-10-24T23:30:00Z,BKN,CLE,CLE,CLE,0,0,1,10.909881674520257,2025-12-29T04:36:19Z
2026,18446839,2025-10-24T22:30:00Z,TOR,MIL,TOR,MIL,1,0,0,4.450120714662199,2025-12-29T04:36:19Z
2026,18446840,2025-10-25T00:00:00Z,HOU,DET,HOU,DET,1,0,0,6.115508650170118,2025-12-29T04:36:19Z
2026,18446841,2025-10-25T00:00:00Z,MEM,MIA,MIA,MIA,0,0,1,3.228784704573838,2025-12-29T04:36:19Z
2026,18446842,2025-10-25T00:00:00Z,NOP,SAS,SAS,SAS,0,0,1,11.856265998897001,2025-12-29T04:36:19Z
2026,18446843,2025-10-25T00:30:00Z,DAL,WAS,DAL,WAS,1,0,0,8.235791319151797,2025-12-29T04:36:19Z
2026,18446844,2025-10-25T02:00:00Z,POR,GSW,GSW,POR,0,1,0,2.6339835379593186,2025-12-29T04:36:19Z
2026,18446845,2025-10-25T02:00:00Z,SAC,UTA,UTA,SAC,0,1,0,0.058941408069594914,2025-12-29T04:36:19Z
2026,18446846,2025-10-25T02:30:00Z,LAC,PHX,PHX,LAC,0,1,0,3.373772774124419,2025-12-29T04:36:19Z
2026,18446847,2025-10-25T23:00:00Z,ORL,CHI,ORL,CHI,1,0,0,9.722448390555613,2025-12-29T04:36:19Z
2026,18446848,2025-10-25T23:30:00Z,ATL,OKC,OKC,OKC,0,0,1,13.653200792058275,2025-12-29T04:36:19Z
2026,18446849,2025-10-25T23:30:00Z,PHI,CHA,PHI,PHI,1,1,1,5.1946678217118745,2025-12-29T04:36:19Z
2026,18446850,2025-10-26T00:00:00Z,MEM,IND,MEM,MEM,1,1,1,8.701675581974712,2025-12-29T04:36:19Z
2026,18446851,2025-10-26T01:00:00Z,DEN,PHX,DEN,DEN,1,1,1,10.6293783652952,2025-12-29T04:36:19Z
2026,18446852,2025-10-26T18:00:00Z,SAS,BKN,SAS,SAS,1,1,1,12.886498175719716,2025-12-29T04:36:19Z
2026,18446853,2025-10-26T19:30:00Z,DET,BOS,BOS,DET,0,1,0,2.8848615265359827,2025-12-29T04:36:19Z
2026,18446854,2025-10-26T22:00:00Z,CLE,MIL,CLE,CLE,1,1,1,7.173181871742945,2025-12-29T04:36:19Z
2026,18446855,2025-10-26T22:00:00Z,MIA,NYK,NYK,MIA,0,1,0,4.077972457979764,2025-12-29T04:36:19Z
2026,18446856,2025-10-26T22:00:00Z,WAS,CHA,CHA,CHA,0,0,1,8.531828611879906,2025-12-29T04:36:19Z
2026,18446857,2025-10-26T23:00:00Z,MIN,IND,MIN,MIN,1,1,1,13.320348160076277,2025-12-29T04:36:19Z
2026,18446858,2025-10-26T23:30:00Z,DAL,TOR,TOR,DAL,0,1,0,7.69356393782186,2025-12-29T04:36:19Z
2026,18446859,2025-10-27T01:00:00Z,LAC,POR,LAC,LAC,1,1,1,1.003455396135428,2025-12-29T04:36:19Z
2026,18446860,2025-10-27T01:00:00Z,SAC,LAL,LAL,LAL,0,0,1,12.149942173430272,2025-12-29T04:36:19Z
2026,18446861,2025-10-27T23:00:00Z,DET,CLE,CLE,CLE,0,0,1,2.795286526559006,2025-12-29T04:36:19Z
2026,18446862,2025-10-28T01:30:00Z,MIN,DEN,DEN,DEN,0,0,1,10.403876235234577,2025-12-29T04:36:19Z
2026,18446863,2025-10-27T23:00:00Z,PHI,ORL,ORL,PHI,0,1,0,4.113806923014526,2025-12-29T04:36:19Z
2026,18446864,2025-10-28T00:00:00Z,CHI,ATL,ATL,CHI,0,1,0,3.655984427675705,2025-12-29T04:36:19Z
2026,18446865,2025-10-28T00:00:00Z,HOU,BKN,HOU,HOU,1,1,1,14.230103798131369,2025-12-29T04:36:19Z
2026,18446866,2025-10-28T00:00:00Z,NOP,BOS,BOS,BOS,0,0,1,9.969224497674519,2025-12-29T04:36:19Z
2026,18446867,2025-10-28T00:00:00Z,SAS,TOR,SAS,SAS,1,1,1,4.699677658280206,2025-12-29T04:36:19Z
2026,18446868,2025-10-28T00:30:00Z,DAL,OKC,OKC,OKC,0,0,1,17.191248866632876,2025-12-29T04:36:19Z
2026,18446869,2025-10-28T01:00:00Z,UTA,PHX,PHX,UTA,0,1,0,10.584963830279714,2025-12-29T04:36:19Z
2026,18446870,2025-10-28T02:00:00Z,GSW,MEM,GSW,GSW,1,1,1,2.6499258157404126,2025-12-29T04:36:19Z
2026,18446871,2025-10-28T02:30:00Z,LAL,POR,LAL,POR,1,0,0,5.883265105340811,2025-12-29T04:36:19Z
2026,18446872,2025-10-28T23:00:00Z,WAS,PHI,PHI,PHI,0,0,1,13.72649643359178,2025-12-29T04:36:19Z
2026,18446873,2025-10-28T23:30:00Z,MIA,CHA,MIA,MIA,1,1,1,7.4358315062205875,2025-12-29T04:36:19Z
2026,18446874,2025-10-29T00:00:00Z,MIL,NYK,NYK,MIL,0,1,0,8.566398033768799,2025-12-29T04:36:19Z
2026,18446875,2025-10-29T00:00:00Z,OKC,SAC,OKC,OKC,1,1,1,18.938899562566384,2025-12-29T04:36:19Z
2026,18446876,2025-10-29T03:00:00Z,GSW,LAC,GSW,GSW,1,1,1,1.6305281418238904,2025-12-29T04:36:19Z
2026,18446877,2025-10-29T23:00:00Z,BOS,CLE,BOS,BOS,1,1,1,0.0895749999769766,2025-12-29T04:36:19Z
2026,18446878,2025-10-29T23:00:00Z,DET,ORL,ORL,DET,0,1,0,1.9831734691109089,2025-12-29T04:36:19Z
2026,18446879,2025-10-29T23:30:00Z,BKN,ATL,ATL,ATL,0,0,1,4.031304654192253,2025-12-29T04:36:19Z
2026,18446880,2025-10-29T22:30:00Z,TOR,HOU,HOU,HOU,0,0,1,6.043283280691858,2025-12-29T04:36:19Z
2026,18446881,2025-10-30T00:00:00Z,CHI,SAC,CHI,CHI,1,1,1,1.629714342832406,2025-12-29T04:36:19Z
2026,18446882,2025-10-30T00:30:00Z,DAL,IND,DAL,DAL,1,1,1,4.198591487599854,2025-12-29T04:36:19Z
2026,18446883,2025-10-30T01:00:00Z,DEN,NOP,DEN,DEN,1,1,1,18.988657310505936,2025-12-29T04:36:19Z
2026,18446884,2025-10-30T01:00:00Z,UTA,POR,POR,POR,0,0,1,6.207735660019866,2025-12-29T04:36:19Z
2026,18446885,2025-10-30T01:30:00Z,MIN,LAL,LAL,LAL,0,0,1,1.280534805020341,2025-12-29T04:36:19Z
2026,18446886,2025-10-30T02:00:00Z,PHX,MEM,PHX,MEM,1,0,0,4.393170448040942,2025-12-29T04:36:19Z
2026,18446887,2025-10-30T23:00:00Z,CHA,ORL,ORL,ORL,0,0,1,9.3084747447264,2025-12-29T04:36:19Z
2026,18446888,2025-10-31T00:00:00Z,MIL,GSW,GSW,MIL,0,1,0,3.9095666869556096,2025-12-29T04:36:19Z
2026,18446889,2025-10-31T00:00:00Z,OKC,WAS,OKC,OKC,1,1,1,25.427040185784676,2025-12-29T04:36:19Z
2026,18446890,2025-10-31T00:30:00Z,SAS,MIA,SAS,SAS,1,1,1,4.66137279715337,2025-12-29T04:36:19Z
2026,18446891,2025-10-31T23:00:00Z,IND,ATL,ATL,ATL,0,0,1,7.736639562174457,2025-12-29T04:36:19Z
2026,18446892,2025-10-31T23:00:00Z,PHI,BOS,BOS,BOS,0,0,1,5.0154949804396,2025-12-29T04:36:19Z
2026,18446893,2025-10-31T23:30:00Z,CLE,TOR,CLE,TOR,1,0,0,2.723061157080746,2025-12-29T04:36:19Z
2026,18446894,2025-11-01T00:00:00Z,CHI,NYK,NYK,CHI,0,1,0,11.927777610029562,2025-12-29T04:36:19Z
2026,18446895,2025-11-01T01:30:00Z,MEM,LAL,LAL,LAL,0,0,1,5.899207383121905,2025-12-29T04:36:19Z
2026,18446896,2025-11-01T02:00:00Z,PHX,UTA,PHX,PHX,1,1,1,10.584963830279714,2025-12-29T04:36:19Z
2026,18446897,2025-11-01T02:00:00Z,POR,DEN,DEN,POR,0,1,0,15.006606535555047,2025-12-29T04:36:19Z
2026,18446898,2025-11-01T02:30:00Z,LAC,NOP,LAC,LAC,1,1,1,4.985506171086317,2025-12-29T04:36:19Z
2026,18446899,2025-11-01T21:00:00Z,MIL,SAC,MIL,SAC,1,0,0,4.99109391909317,2025-12-29T04:36:19Z
2026,18446900,2025-11-01T22:00:00Z,CHA,MIN,MIN,MIN,0,0,1,8.825719379748314,2025-12-29T04:36:19Z
2026,18446901,2025-11-01T23:00:00Z,IND,GSW,GSW,IND,0,1,0,11.351601397715125,2025-12-29T04:36:19Z
2026,18446902,2025-11-01T23:00:00Z,WAS,ORL,ORL,ORL,0,0,1,17.840303356606306,2025-12-29T04:36:19Z
2026,18446903,2025-11-02T00:00:00Z,BOS,HOU,HOU,HOU,0,0,1,3.230647123634135,2025-12-29T04:36:19Z
2026,18446904,2025-11-02T02:00:00Z,DET,DAL,DET,DET,1,1,1,7.6213385683436,2025-12-29T04:36:19Z
2026,18446905,2025-11-02T20:30:00Z,OKC,NOP,OKC,OKC,1,1,1,16.65427326942781,2025-12-29T04:36:19Z
2026,18446906,2025-11-02T23:00:00Z,BKN,PHI,PHI,PHI,0,0,1,5.9839616940576335,2025-12-29T04:36:19Z
2026,18446907,2025-11-02T23:00:00Z,CHA,UTA,CHA,CHA,1,1,1,1.984746580592022,2025-12-29T04:36:19Z
2026,18446908,2025-11-02T23:00:00Z,CLE,ATL,CLE,CLE,1,1,1,6.878577020328004,2025-12-29T04:36:19Z
2026,18446909,2025-11-02T23:00:00Z,TOR,MEM,TOR,TOR,1,1,1,3.190479843447002,2025-12-29T04:36:19Z
2026,18446910,2025-11-03T00:00:00Z,NYK,CHI,NYK,NYK,1,1,1,11.927777610029562,2025-12-29T04:36:19Z
2026,18446911,2025-11-03T01:00:00Z,PHX,SAS,SAS,PHX,0,1,0,3.4969870536862664,2025-12-29T04:36:19Z
2026,18446912,2025-11-03T02:30:00Z,LAL,MIA,LAL,LAL,1,1,1,2.670422678548068,2025-12-29T04:36:19Z
2026,18446913,2025-11-04T00:00:00Z,BKN,MIN,MIN,MIN,0,0,1,9.615013252094073,2025-12-29T04:36:19Z
2026,18446914,2025-11-04T00:00:00Z,IND,MIL,MIL,MIL,0,0,1,7.442034710759516,2025-12-29T04:36:19Z
2026,18446915,2025-11-04T00:30:00Z,BOS,UTA,BOS,UTA,1,0,0,12.194909382743496,2025-12-29T04:36:19Z
2026,18446916,2025-11-04T00:30:00Z,NYK,WAS,NYK,NYK,1,1,1,20.04563257608026,2025-12-29T04:36:19Z
2026,18446917,2025-11-04T01:00:00Z,HOU,DAL,HOU,HOU,1,1,1,13.736847218513718,2025-12-29T04:36:19Z
2026,18446918,2025-11-04T01:00:00Z,MEM,DET,DET,DET,0,0,1,3.1182544739687423,2025-12-29T04:36:19Z
2026,18446919,2025-11-04T02:00:00Z,DEN,SAC,DEN,DEN,1,1,1,21.273283603644508,2025-12-29T04:36:19Z
2026,18446920,2025-11-04T03:00:00Z,POR,LAL,LAL,LAL,0,0,1,5.883265105340811,2025-12-29T04:36:19Z
2026,18446921,2025-11-04T03:30:00Z,LAC,MIA,MIA,MIA,0,0,1,2.209387030657316,2025-12-29T04:36:19Z
2026,18446922,2025-11-05T00:30:00Z,TOR,MIL,TOR,TOR,1,1,1,4.450120714662199,2025-12-29T04:36:19Z
2026,18446923,2025-11-05T01:00:00Z,ATL,ORL,ORL,ATL,0,1,0,6.066463962879906,2025-12-29T04:36:19Z
2026,18446924,2025-11-05T01:00:00Z,CHI,PHI,PHI,CHI,0,1,0,5.608641467541085,2025-12-29T04:36:19Z
2026,18446925,2025-11-05T01:00:00Z,NOP,CHA,NOP,NOP,1,1,1,0.24093830447695552,2025-12-29T04:36:19Z
2026,18446926,2025-11-05T03:00:00Z,GSW,PHX,PHX,GSW,0,1,0,1.7432446323005286,2025-12-29T04:36:19Z
2026,18446927,2025-11-05T04:00:00Z,LAC,OKC,OKC,OKC,0,0,1,11.668767098341498,2025-12-29T04:36:19Z
2026,18446928,2025-11-06T00:00:00Z,CLE,PHI,CLE,CLE,1,1,1,4.9259199804626235,2025-12-29T04:36:19Z
2026,18446929,2025-11-06T00:00:00Z,DET,UTA,DET,DET,1,1,1,9.310047856207515,2025-12-29T04:36:19Z
2026,18446930,2025-11-06T00:00:00Z,IND,BKN,BKN,BKN,0,0,1,3.7053349079822038,2025-12-29T04:36:19Z
2026,18446931,2025-11-06T00:30:00Z,BOS,WAS,BOS,BOS,1,1,1,18.741991414031382,2025-12-29T04:36:19Z
2026,18446932,2025-11-06T00:30:00Z,NYK,MIN,NYK,NYK,1,1,1,2.6880845844520374,2025-12-29T04:36:19Z
2026,18446933,2025-11-06T01:00:00Z,MEM,HOU,HOU,HOU,0,0,1,9.23376312413886,2025-12-29T04:36:19Z
2026,18446934,2025-11-06T01:30:00Z,DAL,NOP,NOP,NOP,0,0,1,0.536975597205064,2025-12-29T04:36:19Z
2026,18446935,2025-11-06T02:00:00Z,DEN,MIA,DEN,DEN,1,1,1,11.793764108762304,2025-12-29T04:36:19Z
2026,18446936,2025-11-06T03:00:00Z,LAL,SAS,SAS,LAL,0,1,0,1.9909501186053022,2025-12-29T04:36:19Z
2026,18446937,2025-11-06T03:00:00Z,POR,OKC,OKC,POR,0,1,0,12.672222494476925,2025-12-29T04:36:19Z
2026,18446938,2025-11-06T03:00:00Z,SAC,GSW,GSW,SAC,0,1,0,8.90066060604878,2025-12-29T04:36:19Z
2026,18446939,2025-11-07T02:00:00Z,PHX,LAC,PHX,PHX,1,1,1,3.373772774124419,2025-12-29T04:36:19Z
2026,18446940,2025-11-08T00:00:00Z,ORL,BOS,BOS,ORL,0,1,0,0.9016880574250736,2025-12-29T04:36:19Z
2026,18446941,2025-11-08T00:00:00Z,WAS,CLE,CLE,CLE,0,0,1,18.652416414054404,2025-12-29T04:36:19Z
2026,18446942,2025-11-08T00:30:00Z,ATL,TOR,TOR,TOR,0,0,1,4.155515863247258,2025-12-29T04:36:19Z
2026,18446943,2025-11-08T00:30:00Z,BKN,DET,DET,DET,0,0,1,8.114595147961252,2025-12-29T04:36:19Z
2026,18446944,2025-11-08T00:30:00Z,SAS,HOU,HOU,SAS,0,1,0,1.3436056224116522,2025-12-29T04:36:19Z
2026,18446945,2025-11-08T01:00:00Z,MIA,CHA,MIA,MIA,1,1,1,7.4358315062205875,2025-12-29T04:36:19Z
2026,18446946,2025-11-08T01:00:00Z,MEM,DAL,MEM,MEM,1,1,1,4.5030840943748585,2025-12-29T04:36:19Z
2026,18446947,2025-11-08T01:00:00Z,MIL,CHI,MIL,MIL,1,1,1,3.361379576260764,2025-12-29T04:36:19Z
2026,18446948,2025-11-08T01:00:00Z,MIN,UTA,MIN,MIN,1,1,1,10.810465960340336,2025-12-29T04:36:19Z
2026,18446949,2025-11-08T03:00:00Z,DEN,GSW,DEN,DEN,1,1,1,12.372622997595728,2025-12-29T04:36:19Z
2026,18446950,2025-11-08T03:00:00Z,SAC,OKC,OKC,OKC,0,0,1,18.938899562566384,2025-12-29T04:36:19Z
2026,18446951,2025-11-09T00:00:00Z,WAS,DAL,DAL,DAL,0,0,1,8.235791319151797,2025-12-29T04:36:19Z
2026,18446952,2025-11-09T00:30:00Z,PHI,TOR,TOR,PHI,0,1,0,2.202858823381877,2025-12-29T04:36:19Z
2026,18446953,2025-11-09T01:00:00Z,ATL,LAL,LAL,ATL,0,1,0,6.8642434029221615,2025-12-29T04:36:19Z
2026,18446954,2025-11-09T01:00:00Z,CLE,CHI,CLE,CLE,1,1,1,10.534561448003709,2025-12-29T04:36:19Z
2026,18446955,2025-11-09T01:00:00Z,MIA,POR,MIA,MIA,1,1,1,3.2128424267927436,2025-12-29T04:36:19Z
2026,18446956,2025-11-09T01:00:00Z,SAS,NOP,SAS,SAS,1,1,1,11.856265998897001,2025-12-29T04:36:19Z
2026,18446957,2025-11-09T02:00:00Z,DEN,IND,DEN,DEN,1,1,1,23.724224395310856,2025-12-29T04:36:19Z
2026,18446958,2025-11-09T03:30:00Z,LAC,PHX,PHX,PHX,0,0,1,3.373772774124419,2025-12-29T04:36:19Z
2026,18446959,2025-11-09T20:30:00Z,MIL,HOU,HOU,HOU,0,0,1,10.493403995354058,2025-12-29T04:36:19Z
2026,18446960,2025-11-09T23:00:00Z,NYK,BKN,NYK,NYK,1,1,1,12.303097836546112,2025-12-29T04:36:19Z
2026,18446961,2025-11-09T23:00:00Z,ORL,BOS,BOS,BOS,0,0,1,0.9016880574250736,2025-12-29T04:36:19Z
2026,18446962,2025-11-09T23:00:00Z,MEM,OKC,OKC,OKC,0,0,1,12.68816477225802,2025-12-29T04:36:19Z
2026,18446963,2025-11-10T00:30:00Z,PHI,DET,DET,DET,0,0,1,2.1306334539036174,2025-12-29T04:36:19Z
2026,18446964,2025-11-10T01:30:00Z,GSW,IND,GSW,GSW,1,1,1,11.351601397715125,2025-12-29T04:36:19Z
2026,18446965,2025-11-10T02:00:00Z,SAC,MIN,MIN,MIN,0,0,1,10.86940736840993,2025-12-29T04:36:19Z
2026,18446966,2025-11-11T00:00:00Z,CHA,LAL,LAL,LAL,0,0,1,10.106254184768655,2025-12-29T04:36:19Z
2026,18446967,2025-11-11T00:00:00Z,DET,WAS,DET,DET,1,1,1,15.857129887495399,2025-12-29T04:36:19Z
2026,18446968,2025-11-11T00:00:00Z,ORL,POR,ORL,ORL,1,1,1,5.085485665298557,2025-12-29T04:36:19Z
2026,18446969,2025-11-11T00:30:00Z,MIA,CLE,CLE,MIA,0,1,0,2.6847562959539104,2025-12-29T04:36:19Z
2026,18446970,2025-11-11T01:00:00Z,CHI,SAS,SAS,SAS,0,0,1,12.51117794920317,2025-12-29T04:36:19Z
2026,18446971,2025-11-11T01:30:00Z,DAL,MIL,MIL,MIL,0,0,1,3.2434432231596615,2025-12-29T04:36:19Z
2026,18446972,2025-11-11T02:00:00Z,PHX,NOP,PHX,PHX,1,1,1,8.359278945210736,2025-12-29T04:36:19Z
2026,18446973,2025-11-11T02:00:00Z,UTA,MIN,MIN,MIN,0,0,1,10.810465960340336,2025-12-29T04:36:19Z
2026,18446974,2025-11-11T03:30:00Z,LAC,ATL,LAC,ATL,1,0,0,1.984433693716778,2025-12-29T04:36:19Z
2026,18446975,2025-11-12T00:30:00Z,BKN,TOR,TOR,TOR,0,0,1,8.18682051743951,2025-12-29T04:36:19Z
2026,18446976,2025-11-12T00:30:00Z,NYK,MEM,NYK,NYK,1,1,1,7.306757162553602,2025-12-29T04:36:19Z
2026,18446977,2025-11-12T01:00:00Z,PHI,BOS,BOS,PHI,0,1,0,5.0154949804396,2025-12-29T04:36:19Z
2026,18446978,2025-11-12T01:00:00Z,OKC,GSW,OKC,OKC,1,1,1,10.038238956517606,2025-12-29T04:36:19Z
2026,18446979,2025-11-12T02:00:00Z,UTA,IND,UTA,UTA,1,1,1,2.509882199735941,2025-12-29T04:36:19Z
2026,18446980,2025-11-12T04:00:00Z,SAC,DEN,DEN,DEN,0,0,1,21.273283603644508,2025-12-29T04:36:19Z
2026,18446981,2025-11-13T00:00:00Z,CHA,MIL,MIL,CHA,0,1,0,2.947405930431553,2025-12-29T04:36:19Z
2026,18446982,2025-11-13T00:00:00Z,DET,CHI,DET,DET,1,1,1,7.739274921444703,2025-12-29T04:36:19Z
2026,18446983,2025-11-13T00:00:00Z,NYK,ORL,NYK,ORL,1,0,0,2.205329219473951,2025-12-29T04:36:19Z
2026,18446984,2025-11-13T00:30:00Z,BOS,MEM,BOS,BOS,1,1,1,6.003116000504725,2025-12-29T04:36:19Z
2026,18446985,2025-11-13T00:30:00Z,MIA,CLE,CLE,CLE,0,0,1,2.6847562959539104,2025-12-29T04:36:19Z
2026,18446986,2025-11-13T01:00:00Z,HOU,WAS,HOU,HOU,1,1,1,21.972638537665517,2025-12-29T04:36:19Z
2026,18446987,2025-11-13T01:00:00Z,NOP,POR,POR,POR,0,0,1,3.9820507749508884,2025-12-29T04:36:19Z
2026,18446988,2025-11-13T01:00:00Z,SAS,GSW,SAS,GSW,1,0,0,5.240231685986795,2025-12-29T04:36:19Z
2026,18446989,2025-11-13T01:30:00Z,DAL,PHX,PHX,PHX,0,0,1,8.8962545424158,2025-12-29T04:36:19Z
2026,18446990,2025-11-13T02:30:00Z,OKC,LAL,OKC,OKC,1,1,1,6.7889573891361135,2025-12-29T04:36:19Z
2026,18446991,2025-11-13T03:00:00Z,SAC,ATL,ATL,ATL,0,0,1,5.285698770508111,2025-12-29T04:36:19Z
2026,18446992,2025-11-13T03:30:00Z,LAC,DEN,DEN,DEN,0,0,1,14.00315113941962,2025-12-29T04:36:19Z
2026,18446993,2025-11-14T00:00:00Z,CLE,TOR,CLE,TOR,1,0,0,2.723061157080746,2025-12-29T04:36:19Z
2026,18446994,2025-11-14T02:00:00Z,PHX,IND,PHX,PHX,1,1,1,13.094846030015654,2025-12-29T04:36:19Z
2026,18446995,2025-11-14T02:00:00Z,UTA,ATL,ATL,ATL,0,0,1,5.226757362438516,2025-12-29T04:36:19Z
2026,18446996,2025-11-15T00:00:00Z,NYK,MIA,NYK,NYK,1,1,1,4.077972457979764,2025-12-29T04:36:19Z
2026,18446997,2025-11-15T00:00:00Z,ORL,BKN,ORL,ORL,1,1,1,10.097768617072159,2025-12-29T04:36:19Z
2026,18446998,2025-11-15T00:30:00Z,DET,PHI,DET,DET,1,1,1,2.1306334539036174,2025-12-29T04:36:19Z
2026,18446999,2025-11-15T01:00:00Z,HOU,POR,HOU,HOU,1,1,1,9.217820846357766,2025-12-29T04:36:19Z
2026,18447000,2025-11-15T01:00:00Z,MIL,CHA,MIL,MIL,1,1,1,2.947405930431553,2025-12-29T04:36:19Z
2026,18447001,2025-11-15T01:00:00Z,MIN,SAC,MIN,MIN,1,1,1,10.86940736840993,2025-12-29T04:36:19Z
2026,18447002,2025-11-15T01:00:00Z,NOP,LAL,LAL,LAL,0,0,1,9.8653158802917,2025-12-29T04:36:19Z
2026,18447003,2025-11-15T01:30:00Z,DAL,LAC,LAC,LAC,0,0,1,5.522481768291381,2025-12-29T04:36:19Z
2026,18447004,2025-11-15T02:30:00Z,SAS,GSW,SAS,GSW,1,0,0,5.240231685986795,2025-12-29T04:36:19Z
2026,18447005,2025-11-15T22:00:00Z,CLE,MEM,CLE,CLE,1,1,1,5.913541000527748,2025-12-29T04:36:19Z
2026,18447006,2025-11-16T00:00:00Z,CHA,OKC,OKC,OKC,0,0,1,16.895211573904767,2025-12-29T04:36:19Z
2026,18447007,2025-11-16T00:00:00Z,IND,TOR,TOR,TOR,0,0,1,11.892155425421715,2025-12-29T04:36:19Z
2026,18447008,2025-11-16T01:00:00Z,MIL,LAL,LAL,LAL,0,0,1,7.158848254337102,2025-12-29T04:36:19Z
2026,18447009,2025-11-16T01:00:00Z,MIN,DEN,DEN,DEN,0,0,1,10.403876235234577,2025-12-29T04:36:19Z
2026,18447010,2025-11-16T20:30:00Z,BOS,LAC,BOS,BOS,1,1,1,4.983718326588202,2025-12-29T04:36:19Z
2026,18447011,2025-11-16T21:00:00Z,SAS,SAC,SAS,SAS,1,1,1,14.140892292035574,2025-12-29T04:36:19Z
2026,18447012,2025-11-16T23:00:00Z,WAS,BKN,BKN,BKN,0,0,1,7.742534739534147,2025-12-29T04:36:19Z
2026,18447013,2025-11-17T00:00:00Z,HOU,ORL,HOU,HOU,1,1,1,4.132335181059209,2025-12-29T04:36:19Z
2026,18447014,2025-11-17T00:00:00Z,NOP,GSW,GSW,GSW,0,0,1,6.616034312910207,2025-12-29T04:36:19Z
2026,18447015,2025-11-17T00:30:00Z,DAL,POR,POR,DAL,0,1,0,4.5190263721559525,2025-12-29T04:36:19Z
2026,18447016,2025-11-17T01:00:00Z,PHX,ATL,PHX,ATL,1,0,0,5.358206467841197,2025-12-29T04:36:19Z
2026,18447017,2025-11-17T01:00:00Z,UTA,CHI,CHI,UTA,0,1,0,1.570772934762811,2025-12-29T04:36:19Z
2026,18447018,2025-11-18T00:00:00Z,CLE,MIL,CLE,CLE,1,1,1,7.173181871742945,2025-12-29T04:36:19Z
2026,18447019,2025-11-18T00:00:00Z,DET,IND,DET,DET,1,1,1,11.819930055943455,2025-12-29T04:36:19Z
2026,18447020,2025-11-18T00:00:00Z,PHI,LAC,LAC,PHI,0,1,0,0.031776653851397385,2025-12-29T04:36:19Z
2026,18447021,2025-11-18T00:30:00Z,MIA,NYK,NYK,MIA,0,1,0,4.077972457979764,2025-12-29T04:36:19Z
2026,18447022,2025-11-18T00:30:00Z,TOR,CHA,TOR,TOR,1,1,1,7.397526645093752,2025-12-29T04:36:19Z
2026,18447023,2025-11-18T01:00:00Z,MIN,DAL,MIN,MIN,1,1,1,9.121756672476423,2025-12-29T04:36:19Z
2026,18447024,2025-11-18T01:00:00Z,NOP,OKC,OKC,OKC,0,0,1,16.65427326942781,2025-12-29T04:36:19Z
2026,18447025,2025-11-18T02:00:00Z,DEN,CHI,DEN,CHI,1,0,0,19.6435692608121,2025-12-29T04:36:19Z
2026,18447026,2025-11-19T00:00:00Z,ORL,GSW,ORL,ORL,1,1,1,2.4515021273392383,2025-12-29T04:36:19Z
2026,18447027,2025-11-19T00:30:00Z,BKN,BOS,BOS,BOS,0,0,1,10.999456674497234,2025-12-29T04:36:19Z
2026,18447028,2025-11-19T00:30:00Z,ATL,DET,DET,DET,0,0,1,4.083290493768998,2025-12-29T04:36:19Z
2026,18447029,2025-11-19T01:00:00Z,SAS,MEM,SAS,SAS,1,1,1,7.890157501727208,2025-12-29T04:36:19Z
2026,18447030,2025-11-19T03:30:00Z,LAL,UTA,LAL,LAL,1,1,1,12.091000765360677,2025-12-29T04:36:19Z
2026,18447031,2025-11-19T04:00:00Z,POR,PHX,PHX,PHX,0,0,1,4.377228170259847,2025-12-29T04:36:19Z
2026,18447032,2025-11-20T00:00:00Z,CLE,HOU,HOU,HOU,0,0,1,3.320222123611112,2025-12-29T04:36:19Z
2026,18447033,2025-11-20T00:00:00Z,IND,CHA,CHA,IND,0,1,0,4.494628780327963,2025-12-29T04:36:19Z
2026,18447034,2025-11-20T00:30:00Z,MIA,GSW,MIA,MIA,1,1,1,0.5788588888334252,2025-12-29T04:36:19Z
2026,18447035,2025-11-20T00:00:00Z,PHI,TOR,TOR,TOR,0,0,1,2.202858823381877,2025-12-29T04:36:19Z
2026,18447036,2025-11-20T01:00:00Z,MIN,WAS,MIN,MIN,1,1,1,17.35754799162822,2025-12-29T04:36:19Z
2026,18447037,2025-11-20T01:00:00Z,NOP,DEN,DEN,DEN,0,0,1,18.988657310505936,2025-12-29T04:36:19Z
2026,18447038,2025-11-20T01:00:00Z,OKC,SAC,OKC,OKC,1,1,1,18.938899562566384,2025-12-29T04:36:19Z
2026,18447039,2025-11-20T02:30:00Z,DAL,NYK,NYK,NYK,0,0,1,11.809841256928461,2025-12-29T04:36:19Z
2026,18447040,2025-11-20T03:00:00Z,POR,CHI,POR,CHI,1,0,0,4.636962725257055,2025-12-29T04:36:19Z
2026,18447041,2025-11-21T00:00:00Z,ORL,LAC,ORL,ORL,1,1,1,4.082030269163129,2025-12-29T04:36:19Z
2026,18447042,2025-11-21T01:00:00Z,MEM,SAC,MEM,MEM,1,1,1,6.250734790308367,2025-12-29T04:36:19Z
2026,18447043,2025-11-21T01:00:00Z,MIL,PHI,PHI,PHI,0,0,1,2.247261891280322,2025-12-29T04:36:19Z
2026,18447044,2025-11-21T01:00:00Z,SAS,ATL,SAS,SAS,1,1,1,8.855193521527463,2025-12-29T04:36:19Z
2026,18447045,2025-11-22T00:00:00Z,CLE,IND,CLE,CLE,1,1,1,14.61521658250246,2025-12-29T04:36:19Z
2026,18447046,2025-11-22T00:30:00Z,BOS,BKN,BOS,BKN,1,0,0,10.999456674497234,2025-12-29T04:36:19Z
2026,18447047,2025-11-22T00:30:00Z,TOR,WAS,TOR,TOR,1,1,1,15.929355256973658,2025-12-29T04:36:19Z
2026,18447048,2025-11-22T01:00:00Z,CHI,MIA,MIA,MIA,0,0,1,7.8498051520497985,2025-12-29T04:36:19Z
2026,18447049,2025-11-22T01:30:00Z,DAL,NOP,NOP,DAL,0,1,0,0.536975597205064,2025-12-29T04:36:19Z
2026,18447050,2025-11-22T02:00:00Z,PHX,MIN,MIN,PHX,0,1,0,0.22550213006062325,2025-12-29T04:36:19Z
2026,18447051,2025-11-22T02:30:00Z,HOU,DEN,DEN,DEN,0,0,1,5.788785689197281,2025-12-29T04:36:19Z
2026,18447052,2025-11-22T03:00:00Z,UTA,OKC,OKC,OKC,0,0,1,18.87995815449679,2025-12-29T04:36:19Z
2026,18447053,2025-11-22T03:00:00Z,GSW,POR,GSW,POR,1,0,0,2.6339835379593186,2025-12-29T04:36:19Z
2026,18447054,2025-11-22T18:00:00Z,CHA,LAC,LAC,LAC,0,0,1,5.226444475563272,2025-12-29T04:36:19Z
2026,18447055,2025-11-22T22:00:00Z,ORL,NYK,NYK,ORL,0,1,0,2.205329219473951,2025-12-29T04:36:19Z
2026,18447056,2025-11-23T00:00:00Z,NOP,ATL,ATL,ATL,0,0,1,3.0010724773695387,2025-12-29T04:36:19Z
2026,18447057,2025-11-23T01:00:00Z,CHI,WAS,CHI,CHI,1,1,1,8.117854966050695,2025-12-29T04:36:19Z
2026,18447058,2025-11-23T01:00:00Z,MIL,DET,DET,DET,0,0,1,4.377895345183939,2025-12-29T04:36:19Z
2026,18447059,2025-11-23T01:30:00Z,DAL,MEM,MEM,MEM,0,0,1,4.5030840943748585,2025-12-29T04:36:19Z
2026,18447060,2025-11-23T03:00:00Z,DEN,SAC,DEN,SAC,1,0,0,21.273283603644508,2025-12-29T04:36:19Z
2026,18447061,2025-11-23T18:00:00Z,PHI,MIA,MIA,MIA,0,0,1,2.241163684508713,2025-12-29T04:36:19Z
2026,18447062,2025-11-23T23:00:00Z,ATL,CHA,ATL,ATL,1,1,1,3.2420107818464943,2025-12-29T04:36:19Z
2026,18447063,2025-11-23T23:00:00Z,BOS,ORL,BOS,BOS,1,1,1,0.9016880574250736,2025-12-29T04:36:19Z
2026,18447064,2025-11-23T23:00:00Z,CLE,LAC,CLE,CLE,1,1,1,4.894143326611226,2025-12-29T04:36:19Z
2026,18447065,2025-11-23T23:00:00Z,TOR,BKN,TOR,TOR,1,1,1,8.18682051743951,2025-12-29T04:36:19Z
2026,18447066,2025-11-24T00:00:00Z,OKC,POR,OKC,OKC,1,1,1,12.672222494476925,2025-12-29T04:36:19Z
2026,18447067,2025-11-24T01:00:00Z,PHX,SAS,SAS,PHX,0,1,0,3.4969870536862664,2025-12-29T04:36:19Z
2026,18447068,2025-11-24T01:00:00Z,UTA,LAL,LAL,LAL,0,0,1,12.091000765360677,2025-12-29T04:36:19Z
2026,18447069,2025-11-25T00:00:00Z,IND,DET,DET,DET,0,0,1,11.819930055943455,2025-12-29T04:36:19Z
2026,18447070,2025-11-25T00:00:00Z,TOR,CLE,CLE,TOR,0,1,0,2.723061157080746,2025-12-29T04:36:19Z
2026,18447071,2025-11-25T00:30:00Z,BKN,NYK,NYK,NYK,0,0,1,12.303097836546112,2025-12-29T04:36:19Z
2026,18447072,2025-11-25T00:30:00Z,MIA,DAL,MIA,MIA,1,1,1,7.731868798948696,2025-12-29T04:36:19Z
2026,18447073,2025-11-25T01:00:00Z,MEM,DEN,DEN,DEN,0,0,1,15.022548813336142,2025-12-29T04:36:19Z
2026,18447074,2025-11-25T01:00:00Z,MIL,POR,POR,POR,0,0,1,1.2755831489962912,2025-12-29T04:36:19Z
2026,18447075,2025-11-25T01:00:00Z,NOP,CHI,NOP,NOP,1,1,1,0.6549119503061664,2025-12-29T04:36:19Z
2026,18447076,2025-11-25T02:30:00Z,PHX,HOU,HOU,HOU,0,0,1,4.840592676097918,2025-12-29T04:36:19Z
2026,18447077,2025-11-25T03:00:00Z,GSW,UTA,GSW,GSW,1,1,1,8.841719197979184,2025-12-29T04:36:19Z
2026,18447078,2025-11-25T03:00:00Z,SAC,MIN,MIN,SAC,0,1,0,10.86940736840993,2025-12-29T04:36:19Z
2026,18447079,2025-11-26T00:00:00Z,WAS,ATL,ATL,WAS,0,1,0,11.7738393937264,2025-12-29T04:36:19Z
2026,18447080,2025-11-26T01:00:00Z,PHI,ORL,ORL,ORL,0,0,1,4.113806923014526,2025-12-29T04:36:19Z
2026,18447081,2025-11-26T04:00:00Z,LAL,LAC,LAL,LAL,1,1,1,4.879809709205383,2025-12-29T04:36:19Z
2026,18447082,2025-11-26T22:00:00Z,BOS,DET,BOS,BOS,1,1,1,2.8848615265359827,2025-12-29T04:36:19Z
2026,18447083,2025-11-27T00:00:00Z,CHA,NYK,NYK,NYK,0,0,1,11.513803964200353,2025-12-29T04:36:19Z
2026,18447084,2025-11-27T00:30:00Z,MIA,MIL,MIA,MIA,1,1,1,4.488425575789035,2025-12-29T04:36:19Z
2026,18447085,2025-11-27T00:30:00Z,TOR,IND,TOR,TOR,1,1,1,11.892155425421715,2025-12-29T04:36:19Z
2026,18447086,2025-11-27T00:30:00Z,OKC,MIN,OKC,OKC,1,1,1,8.069492194156455,2025-12-29T04:36:19Z
2026,18447087,2025-11-27T01:00:00Z,NOP,MEM,MEM,MEM,0,0,1,3.9661084971697944,2025-12-29T04:36:19Z
2026,18447088,2025-11-27T03:00:00Z,GSW,HOU,HOU,HOU,0,0,1,6.583837308398447,2025-12-29T04:36:19Z
2026,18447089,2025-11-27T03:00:00Z,POR,SAS,SAS,SAS,0,0,1,7.874215223946114,2025-12-29T04:36:19Z
2026,18447090,2025-11-27T03:00:00Z,SAC,PHX,PHX,PHX,0,0,1,10.643905238349308,2025-12-29T04:36:19Z
2026,18447091,2025-11-29T00:30:00Z,ATL,CLE,CLE,ATL,0,1,0,6.878577020328004,2025-12-29T04:36:19Z
2026,18447092,2025-11-29T00:30:00Z,BKN,PHI,PHI,PHI,0,0,1,5.9839616940576335,2025-12-29T04:36:19Z
2026,18447093,2025-11-29T00:30:00Z,CHA,CHI,CHA,CHA,1,1,1,0.4139736458292109,2025-12-29T04:36:19Z
2026,18447094,2025-11-29T00:30:00Z,DET,ORL,ORL,ORL,0,0,1,1.9831734691109089,2025-12-29T04:36:19Z
2026,18447095,2025-11-29T00:30:00Z,IND,WAS,IND,IND,1,1,1,4.037199831551943,2025-12-29T04:36:19Z
2026,18447096,2025-11-29T00:30:00Z,NYK,MIL,NYK,NYK,1,1,1,8.566398033768799,2025-12-29T04:36:19Z
2026,18447097,2025-11-29T02:30:00Z,OKC,PHX,OKC,OKC,1,1,1,8.294994324217077,2025-12-29T04:36:19Z
2026,18447098,2025-11-29T02:30:00Z,DEN,SAS,DEN,SAS,1,0,0,7.1323913116089335,2025-12-29T04:36:19Z
2026,18447099,2025-11-29T02:30:00Z,UTA,SAC,UTA,UTA,1,1,1,0.058941408069594914,2025-12-29T04:36:19Z
2026,18447100,2025-11-29T03:00:00Z,LAL,DAL,LAL,LAL,1,1,1,10.402291477496764,2025-12-29T04:36:19Z
2026,18447101,2025-11-29T03:00:00Z,LAC,MEM,LAC,MEM,1,0,0,1.0193976739165225,2025-12-29T04:36:19Z
2026,18447102,2025-11-29T22:00:00Z,MIN,BOS,BOS,MIN,0,1,0,1.38444342240316,2025-12-29T04:36:19Z
2026,18447103,2025-11-29T23:00:00Z,CHA,TOR,TOR,CHA,0,1,0,7.397526645093752,2025-12-29T04:36:19Z
2026,18447104,2025-11-30T00:30:00Z,IND,CHI,CHI,IND,0,1,0,4.080655134498752,2025-12-29T04:36:19Z
2026,18447105,2025-11-30T01:00:00Z,MIA,DET,MIA,DET,1,0,0,0.1105302306050957,2025-12-29T04:36:19Z
2026,18447106,2025-11-30T01:00:00Z,MIL,BKN,MIL,MIL,1,1,1,3.736699802777312,2025-12-29T04:36:19Z
2026,18447107,2025-11-30T01:30:00Z,GSW,NOP,GSW,GSW,1,1,1,6.616034312910207,2025-12-29T04:36:19Z
2026,18447108,2025-11-30T02:00:00Z,PHX,DEN,DEN,DEN,0,0,1,10.6293783652952,2025-12-29T04:36:19Z
2026,18447109,2025-11-30T03:00:00Z,LAC,DAL,LAC,DAL,1,0,0,5.522481768291381,2025-12-29T04:36:19Z
2026,18447110,2025-11-30T20:00:00Z,UTA,HOU,HOU,HOU,0,0,1,15.425556506377632,2025-12-29T04:36:19Z
2026,18447111,2025-11-30T23:00:00Z,CLE,BOS,BOS,BOS,0,0,1,0.0895749999769766,2025-12-29T04:36:19Z
2026,18447112,2025-11-30T23:00:00Z,NYK,TOR,NYK,NYK,1,1,1,4.1162773191066,2025-12-29T04:36:19Z
2026,18447113,2025-11-30T23:00:00Z,PHI,ATL,PHI,ATL,1,0,0,1.9526570398653804,2025-12-29T04:36:19Z
2026,18447114,2025-11-30T23:00:00Z,POR,OKC,OKC,OKC,0,0,1,12.672222494476925,2025-12-29T04:36:19Z
2026,18447115,2025-12-01T00:00:00Z,MIN,SAS,SAS,MIN,0,1,0,3.271484923625643,2025-12-29T04:36:19Z
2026,18447116,2025-12-01T02:00:00Z,SAC,MEM,MEM,MEM,0,0,1,6.250734790308367,2025-12-29T04:36:19Z
2026,18447117,2025-12-01T02:30:00Z,LAL,NOP,LAL,LAL,1,1,1,9.8653158802917,2025-12-29T04:36:19Z
2026,18447118,2025-12-02T00:00:00Z,DET,ATL,DET,DET,1,1,1,4.083290493768998,2025-12-29T04:36:19Z
2026,18447119,2025-12-02T00:00:00Z,IND,CLE,CLE,CLE,0,0,1,14.61521658250246,2025-12-29T04:36:19Z
2026,18447120,2025-12-02T00:00:00Z,WAS,MIL,MIL,WAS,0,1,0,11.47923454231146,2025-12-29T04:36:19Z
2026,18447121,2025-12-02T00:30:00Z,BKN,CHA,CHA,BKN,0,1,0,0.789293872345759,2025-12-29T04:36:19Z
2026,18447122,2025-12-02T00:30:00Z,MIA,LAC,MIA,MIA,1,1,1,2.209387030657316,2025-12-29T04:36:19Z
2026,18447123,2025-12-02T00:30:00Z,ORL,CHI,ORL,ORL,1,1,1,9.722448390555613,2025-12-29T04:36:19Z
2026,18447124,2025-12-02T02:00:00Z,DEN,DAL,DEN,DAL,1,0,0,19.525632907711,2025-12-29T04:36:19Z
2026,18447125,2025-12-02T02:00:00Z,UTA,HOU,HOU,UTA,0,1,0,15.425556506377632,2025-12-29T04:36:19Z
2026,18447126,2025-12-02T03:00:00Z,LAL,PHX,LAL,PHX,1,0,0,1.5060369350809641,2025-12-29T04:36:19Z
2026,18447127,2025-12-03T00:00:00Z,PHI,WAS,PHI,PHI,1,1,1,13.72649643359178,2025-12-29T04:36:19Z
2026,18447128,2025-12-03T00:30:00Z,TOR,POR,TOR,TOR,1,1,1,3.174537565665908,2025-12-29T04:36:19Z
2026,18447129,2025-12-03T01:00:00Z,BOS,NYK,NYK,BOS,0,1,0,1.3036411620488773,2025-12-29T04:36:19Z
2026,18447130,2025-12-03T01:00:00Z,NOP,MIN,MIN,MIN,0,0,1,8.584781075271358,2025-12-29T04:36:19Z
2026,18447131,2025-12-03T01:00:00Z,SAS,MEM,SAS,SAS,1,1,1,7.890157501727208,2025-12-29T04:36:19Z
2026,18447132,2025-12-03T04:00:00Z,GSW,OKC,OKC,OKC,0,0,1,10.038238956517606,2025-12-29T04:36:19Z
2026,18447133,2025-12-04T00:00:00Z,CLE,POR,CLE,POR,1,0,0,5.897598722746654,2025-12-29T04:36:19Z
2026,18447134,2025-12-04T00:00:00Z,IND,DEN,DEN,DEN,0,0,1,23.724224395310856,2025-12-29T04:36:19Z
2026,18447135,2025-12-04T00:00:00Z,ORL,SAS,SAS,SAS,0,0,1,2.7887295586475567,2025-12-29T04:36:19Z
2026,18447136,2025-12-04T00:30:00Z,ATL,LAC,LAC,LAC,0,0,1,1.984433693716778,2025-12-29T04:36:19Z
2026,18447137,2025-12-04T00:30:00Z,NYK,CHA,NYK,NYK,1,1,1,11.513803964200353,2025-12-29T04:36:19Z
2026,18447138,2025-12-04T01:00:00Z,CHI,BKN,CHI,BKN,1,0,0,0.37532022651654806,2025-12-29T04:36:19Z
2026,18447139,2025-12-04T01:00:00Z,HOU,SAC,HOU,HOU,1,1,1,15.484497914447227,2025-12-29T04:36:19Z
2026,18447140,2025-12-04T01:00:00Z,MIL,DET,DET,MIL,0,1,0,4.377895345183939,2025-12-29T04:36:19Z
2026,18447141,2025-12-04T01:30:00Z,DAL,MIA,MIA,DAL,0,1,0,7.731868798948696,2025-12-29T04:36:19Z
2026,18447142,2025-12-05T00:00:00Z,PHI,GSW,GSW,PHI,0,1,0,1.6623047956752879,2025-12-29T04:36:19Z
2026,18447143,2025-12-05T00:00:00Z,WAS,BOS,BOS,BOS,0,0,1,18.741991414031382,2025-12-29T04:36:19Z
2026,18447144,2025-12-05T00:30:00Z,BKN,UTA,BKN,UTA,1,0,0,1.195452708246263,2025-12-29T04:36:19Z
2026,18447145,2025-12-05T00:30:00Z,TOR,LAL,LAL,LAL,0,0,1,2.7087275396749035,2025-12-29T04:36:19Z
2026,18447146,2025-12-05T01:00:00Z,NOP,MIN,MIN,MIN,0,0,1,8.584781075271358,2025-12-29T04:36:19Z
2026,18447147,2025-12-06T00:00:00Z,BOS,LAL,BOS,BOS,1,1,1,0.1039086173828192,2025-12-29T04:36:19Z
2026,18447148,2025-12-06T00:00:00Z,ORL,MIA,ORL,ORL,1,1,1,1.8726432385058132,2025-12-29T04:36:19Z
2026,18447149,2025-12-06T00:30:00Z,ATL,DEN,DEN,DEN,0,0,1,15.987584833136397,2025-12-29T04:36:19Z
2026,18447150,2025-12-06T00:30:00Z,CLE,SAS,SAS,CLE,0,1,0,1.9766165011994596,2025-12-29T04:36:19Z
2026,18447151,2025-12-06T00:30:00Z,DET,POR,DET,DET,1,1,1,3.102312196187648,2025-12-29T04:36:19Z
2026,18447152,2025-12-06T00:30:00Z,NYK,UTA,NYK,NYK,1,1,1,13.498550544792373,2025-12-29T04:36:19Z
2026,18447153,2025-12-06T00:30:00Z,TOR,CHA,TOR,CHA,1,0,0,7.397526645093752,2025-12-29T04:36:19Z
2026,18447154,2025-12-06T01:00:00Z,CHI,IND,CHI,IND,1,0,0,4.080655134498752,2025-12-29T04:36:19Z
2026,18447155,2025-12-06T01:00:00Z,HOU,PHX,HOU,HOU,1,1,1,4.840592676097918,2025-12-29T04:36:19Z
2026,18447156,2025-12-06T01:00:00Z,MEM,LAC,LAC,MEM,0,1,0,1.0193976739165225,2025-12-29T04:36:19Z
2026,18447157,2025-12-06T01:00:00Z,MIL,PHI,PHI,PHI,0,0,1,2.247261891280322,2025-12-29T04:36:19Z
2026,18447158,2025-12-06T02:30:00Z,OKC,DAL,OKC,OKC,1,1,1,17.191248866632876,2025-12-29T04:36:19Z
2026,18447159,2025-12-06T22:00:00Z,BKN,NOP,NOP,BKN,0,1,0,1.0302321768227145,2025-12-29T04:36:19Z
2026,18447160,2025-12-07T00:00:00Z,WAS,ATL,ATL,ATL,0,0,1,11.7738393937264,2025-12-29T04:36:19Z
2026,18447161,2025-12-07T00:30:00Z,CLE,GSW,CLE,GSW,1,0,0,3.2636151847873354,2025-12-29T04:36:19Z
2026,18447162,2025-12-07T00:30:00Z,DET,MIL,DET,DET,1,1,1,4.377895345183939,2025-12-29T04:36:19Z
2026,18447163,2025-12-07T01:00:00Z,MIA,SAC,MIA,SAC,1,0,0,9.479519494882204,2025-12-29T04:36:19Z
2026,18447164,2025-12-07T01:00:00Z,MIN,LAC,MIN,MIN,1,1,1,3.5992749041850423,2025-12-29T04:36:19Z
2026,18447165,2025-12-07T01:30:00Z,DAL,HOU,HOU,DAL,0,1,0,13.736847218513718,2025-12-29T04:36:19Z
2026,18447166,2025-12-07T17:00:00Z,NYK,ORL,NYK,NYK,1,1,1,2.205329219473951,2025-12-29T04:36:19Z
2026,18447167,2025-12-07T20:30:00Z,TOR,BOS,BOS,BOS,0,0,1,2.8126361570577227,2025-12-29T04:36:19Z
2026,18447168,2025-12-07T23:00:00Z,CHA,DEN,DEN,DEN,0,0,1,19.22959561498289,2025-12-29T04:36:19Z
2026,18447169,2025-12-07T23:00:00Z,MEM,POR,POR,MEM,0,1,0,0.01594227778109447,2025-12-29T04:36:19Z
2026,18447170,2025-12-08T00:00:00Z,CHI,GSW,GSW,GSW,0,0,1,7.2709462632163735,2025-12-29T04:36:19Z
2026,18447171,2025-12-08T00:30:00Z,PHI,LAL,LAL,LAL,0,0,1,4.911586363056781,2025-12-29T04:36:19Z
2026,18447172,2025-12-08T01:00:00Z,UTA,OKC,OKC,OKC,0,0,1,18.87995815449679,2025-12-29T04:36:19Z
2026,18447173,2025-12-09T00:00:00Z,IND,SAC,SAC,IND,0,1,0,2.450940791666346,2025-12-29T04:36:19Z
2026,18447174,2025-12-09T00:30:00Z,MIN,PHX,MIN,PHX,1,0,0,0.22550213006062325,2025-12-29T04:36:19Z
2026,18447175,2025-12-09T01:00:00Z,NOP,SAS,SAS,SAS,0,0,1,11.856265998897001,2025-12-29T04:36:19Z
2026,20054033,2025-12-09T23:00:00Z,ORL,MIA,ORL,ORL,1,1,1,1.8726432385058132,2025-12-29T04:36:19Z
2026,20054034,2025-12-10T01:30:00Z,TOR,NYK,NYK,NYK,0,0,1,4.1162773191066,2025-12-29T04:36:19Z
2026,20054035,2025-12-11T00:30:00Z,OKC,PHX,OKC,OKC,1,1,1,8.294994324217077,2025-12-29T04:36:19Z
2026,20054036,2025-12-11T03:00:00Z,LAL,SAS,SAS,SAS,0,0,1,1.9909501186053022,2025-12-29T04:36:19Z
2026,20054958,2025-12-12T01:00:00Z,HOU,LAC,HOU,HOU,1,1,1,8.214365450222338,2025-12-29T04:36:19Z
2026,20054959,2025-12-12T01:00:00Z,MIL,BOS,BOS,MIL,0,1,0,7.262756871719922,2025-12-29T04:36:19Z
2026,20054960,2025-12-12T01:00:00Z,NOP,POR,POR,NOP,0,1,0,3.9820507749508884,2025-12-29T04:36:19Z
2026,20054961,2025-12-12T03:00:00Z,SAC,DEN,DEN,DEN,0,0,1,21.273283603644508,2025-12-29T04:36:19Z
2026,20054962,2025-12-13T00:00:00Z,CHA,CHI,CHA,CHI,1,0,0,0.4139736458292109,2025-12-29T04:36:19Z
2026,20054963,2025-12-13T00:00:00Z,DET,ATL,DET,DET,1,1,1,4.083290493768998,2025-12-29T04:36:19Z
2026,20054964,2025-12-13T00:00:00Z,PHI,IND,PHI,PHI,1,1,1,9.689296602039837,2025-12-29T04:36:19Z
2026,20054965,2025-12-13T00:00:00Z,WAS,CLE,CLE,CLE,0,0,1,18.652416414054404,2025-12-29T04:36:19Z
2026,20054966,2025-12-13T01:00:00Z,MEM,UTA,MEM,UTA,1,0,0,6.191793382238772,2025-12-29T04:36:19Z
2026,20054967,2025-12-13T01:30:00Z,DAL,BKN,DAL,DAL,1,1,1,0.49325657961765046,2025-12-29T04:36:19Z
2026,20054968,2025-12-13T03:00:00Z,GSW,MIN,MIN,MIN,0,0,1,1.9687467623611519,2025-12-29T04:36:19Z
2026,20290668,2025-12-13T22:30:00Z,ORL,NYK,NYK,NYK,0,0,1,2.205329219473951,2025-12-29T04:36:19Z
2026,20314126,2025-12-14T02:00:00Z,OKC,SAS,OKC,SAS,1,0,0,4.798007270530811,2025-12-29T04:36:19Z
2026,20054969,2025-12-14T20:00:00Z,IND,WAS,IND,WAS,1,0,0,4.037199831551943,2025-12-29T04:36:19Z
2026,20054970,2025-12-14T23:00:00Z,ATL,PHI,PHI,ATL,0,1,0,1.9526570398653804,2025-12-29T04:36:19Z
2026,20054971,2025-12-14T20:30:00Z,CLE,CHA,CLE,CHA,1,0,0,10.120587802174498,2025-12-29T04:36:19Z
2026,20054972,2025-12-14T23:00:00Z,BKN,MIL,MIL,BKN,0,1,0,3.736699802777312,2025-12-29T04:36:19Z
2026,20054973,2025-12-15T00:00:00Z,MIN,SAC,MIN,MIN,1,1,1,10.86940736840993,2025-12-29T04:36:19Z
2026,20054974,2025-12-15T02:00:00Z,POR,GSW,GSW,POR,0,1,0,2.6339835379593186,2025-12-29T04:36:19Z
2026,20054976,2025-12-15T00:00:00Z,CHI,NOP,NOP,NOP,0,0,1,0.6549119503061664,2025-12-29T04:36:19Z
2026,20314134,2025-12-15T01:00:00Z,PHX,LAL,LAL,LAL,0,0,1,1.5060369350809641,2025-12-29T04:36:19Z
2026,20054975,2025-12-16T00:00:00Z,BOS,DET,BOS,DET,1,0,0,2.8848615265359827,2025-12-29T04:36:19Z
2026,20054977,2025-12-16T02:00:00Z,UTA,DAL,DAL,UTA,0,1,0,1.6887092878639134,2025-12-29T04:36:19Z
2026,20054978,2025-12-16T02:30:00Z,DEN,HOU,DEN,DEN,1,1,1,5.788785689197281,2025-12-29T04:36:19Z
2026,20054979,2025-12-16T03:30:00Z,LAC,MEM,LAC,MEM,1,0,0,1.0193976739165225,2025-12-29T04:36:19Z
2026,20290680,2025-12-16T00:30:00Z,MIA,TOR,MIA,TOR,1,0,0,0.038304861126835954,2025-12-29T04:36:19Z
2026,20377171,2025-12-17T01:30:00Z,NYK,SAS,SAS,NYK,0,1,0,0.5834003391736058,2025-12-29T04:36:19Z
2026,18447176,2025-12-18T01:00:00Z,CHI,CLE,CLE,CHI,0,1,0,10.534561448003709,2025-12-29T04:36:19Z
2026,18447177,2025-12-18T01:00:00Z,MIN,MEM,MIN,MEM,1,0,0,4.618672578101565,2025-12-29T04:36:19Z
2026,18447178,2025-12-19T01:00:00Z,OKC,LAC,OKC,OKC,1,1,1,11.668767098341498,2025-12-29T04:36:19Z
2026,18447179,2025-12-19T01:00:00Z,SAS,WAS,SAS,SAS,1,1,1,20.629032915253863,2025-12-29T04:36:19Z
2026,18447180,2025-12-19T00:00:00Z,CHA,ATL,ATL,CHA,0,1,0,3.2420107818464943,2025-12-29T04:36:19Z
2026,18447181,2025-12-19T00:00:00Z,IND,NYK,NYK,NYK,0,0,1,16.008432744528314,2025-12-29T04:36:19Z
2026,18447182,2025-12-19T00:30:00Z,BKN,MIA,MIA,MIA,0,0,1,8.225125378566347,2025-12-29T04:36:19Z
2026,18447183,2025-12-19T01:00:00Z,MIL,TOR,TOR,TOR,0,0,1,4.450120714662199,2025-12-29T04:36:19Z
2026,18447184,2025-12-19T01:00:00Z,NOP,HOU,HOU,NOP,0,1,0,13.199871621308654,2025-12-29T04:36:19Z
2026,18447185,2025-12-19T01:30:00Z,DAL,DET,DET,DAL,0,1,0,7.6213385683436,2025-12-29T04:36:19Z
2026,18447186,2025-12-19T02:00:00Z,DEN,ORL,DEN,DEN,1,1,1,9.921120870256491,2025-12-29T04:36:19Z
2026,18447187,2025-12-19T02:00:00Z,PHX,GSW,PHX,PHX,1,1,1,1.7432446323005286,2025-12-29T04:36:19Z
2026,18447188,2025-12-19T02:00:00Z,UTA,LAL,LAL,LAL,0,0,1,12.091000765360677,2025-12-29T04:36:19Z
2026,18447189,2025-12-19T03:00:00Z,POR,SAC,POR,POR,1,1,1,6.266677068089461,2025-12-29T04:36:19Z
2026,18447190,2025-12-20T00:00:00Z,BOS,MIA,BOS,BOS,1,1,1,2.774331295930887,2025-12-29T04:36:19Z
2026,18447191,2025-12-20T00:00:00Z,NYK,PHI,NYK,PHI,1,0,0,6.319136142488477,2025-12-29T04:36:19Z
2026,18447192,2025-12-20T00:30:00Z,ATL,SAS,SAS,SAS,0,0,1,8.855193521527463,2025-12-29T04:36:19Z
2026,18447193,2025-12-20T00:30:00Z,CLE,CHI,CLE,CHI,1,0,0,10.534561448003709,2025-12-29T04:36:19Z
2026,18447194,2025-12-20T02:30:00Z,MIN,OKC,OKC,MIN,0,1,0,8.069492194156455,2025-12-29T04:36:19Z
2026,18447195,2025-12-20T22:00:00Z,DEN,HOU,DEN,HOU,1,0,0,5.788785689197281,2025-12-29T04:36:19Z
2026,18447196,2025-12-21T00:00:00Z,PHI,DAL,PHI,PHI,1,1,1,5.490705114439983,2025-12-29T04:36:19Z
2026,18447197,2025-12-21T00:00:00Z,TOR,BOS,BOS,BOS,0,0,1,2.8126361570577227,2025-12-29T04:36:19Z
2026,18447198,2025-12-21T00:00:00Z,NOP,IND,NOP,NOP,1,1,1,4.735567084804918,2025-12-29T04:36:19Z
2026,18447199,2025-12-21T00:30:00Z,DET,CHA,DET,DET,1,1,1,7.325301275615492,2025-12-29T04:36:19Z
2026,18447200,2025-12-21T01:00:00Z,MEM,WAS,MEM,WAS,1,0,0,12.738875413526655,2025-12-29T04:36:19Z
2026,18447201,2025-12-21T01:30:00Z,GSW,PHX,PHX,GSW,0,1,0,1.7432446323005286,2025-12-29T04:36:19Z
2026,18447202,2025-12-21T02:30:00Z,UTA,ORL,ORL,ORL,0,0,1,11.293221325318424,2025-12-29T04:36:19Z
2026,18447203,2025-12-21T03:00:00Z,SAC,POR,POR,POR,0,0,1,6.266677068089461,2025-12-29T04:36:19Z
2026,18447204,2025-12-21T03:30:00Z,LAC,LAL,LAL,LAC,0,1,0,4.879809709205383,2025-12-29T04:36:19Z
2026,18447205,2025-12-21T20:30:00Z,ATL,CHI,ATL,CHI,1,0,0,3.655984427675705,2025-12-29T04:36:19Z
2026,18447206,2025-12-21T23:00:00Z,BKN,TOR,TOR,BKN,0,1,0,8.18682051743951,2025-12-29T04:36:19Z
2026,18447207,2025-12-21T23:00:00Z,NYK,MIA,NYK,NYK,1,1,1,4.077972457979764,2025-12-29T04:36:19Z
2026,18447208,2025-12-22T00:00:00Z,WAS,SAS,SAS,SAS,0,0,1,20.629032915253863,2025-12-29T04:36:19Z
2026,18447209,2025-12-22T00:00:00Z,MIN,MIL,MIN,MIN,1,1,1,5.878313449316762,2025-12-29T04:36:19Z
2026,18447210,2025-12-22T03:00:00Z,SAC,HOU,HOU,SAC,0,1,0,15.484497914447227,2025-12-29T04:36:19Z
2026,18447211,2025-12-23T00:00:00Z,CLE,CHA,CLE,CLE,1,1,1,10.120587802174498,2025-12-29T04:36:19Z
2026,18447212,2025-12-23T00:30:00Z,BOS,IND,BOS,BOS,1,1,1,14.704791582479437,2025-12-29T04:36:19Z
2026,18447213,2025-12-23T01:00:00Z,NOP,DAL,NOP,NOP,1,1,1,0.536975597205064,2025-12-29T04:36:19Z
2026,18447214,2025-12-23T02:00:00Z,DEN,UTA,DEN,DEN,1,1,1,21.214342195574915,2025-12-29T04:36:19Z
2026,18447215,2025-12-23T02:30:00Z,OKC,MEM,OKC,OKC,1,1,1,12.68816477225802,2025-12-29T04:36:19Z
2026,18447216,2025-12-23T03:00:00Z,GSW,ORL,ORL,GSW,0,1,0,2.4515021273392383,2025-12-29T04:36:19Z
2026,18447217,2025-12-23T03:00:00Z,POR,DET,DET,DET,0,0,1,3.102312196187648,2025-12-29T04:36:19Z
2026,18447218,2025-12-24T00:00:00Z,CHA,WAS,CHA,CHA,1,1,1,8.531828611879906,2025-12-29T04:36:19Z
2026,18447219,2025-12-24T00:00:00Z,PHI,BKN,PHI,BKN,1,0,0,5.9839616940576335,2025-12-29T04:36:19Z
2026,18447220,2025-12-24T00:30:00Z,ATL,CHI,ATL,CHI,1,0,0,3.655984427675705,2025-12-29T04:36:19Z
2026,18447221,2025-12-24T00:30:00Z,CLE,NOP,CLE,CLE,1,1,1,9.879649497697542,2025-12-29T04:36:19Z
2026,18447222,2025-12-24T00:30:00Z,IND,MIL,MIL,MIL,0,0,1,7.442034710759516,2025-12-29T04:36:19Z
2026,18447223,2025-12-24T00:30:00Z,MIA,TOR,MIA,TOR,1,0,0,0.038304861126835954,2025-12-29T04:36:19Z
2026,18447224,2025-12-24T01:00:00Z,DAL,DEN,DEN,DAL,0,1,0,19.525632907711,2025-12-29T04:36:19Z
2026,18447225,2025-12-24T01:00:00Z,MIN,NYK,NYK,MIN,0,1,0,2.6880845844520374,2025-12-29T04:36:19Z
2026,18447226,2025-12-24T01:30:00Z,SAS,OKC,OKC,SAS,0,1,0,4.798007270530811,2025-12-29T04:36:19Z
2026,18447227,2025-12-24T02:00:00Z,PHX,LAL,LAL,PHX,0,1,0,1.5060369350809641,2025-12-29T04:36:19Z
2026,18447228,2025-12-24T02:00:00Z,UTA,MEM,MEM,MEM,0,0,1,6.191793382238772,2025-12-29T04:36:19Z
2026,18447229,2025-12-24T03:00:00Z,POR,ORL,ORL,ORL,0,0,1,5.085485665298557,2025-12-29T04:36:19Z
2026,18447230,2025-12-24T03:00:00Z,SAC,DET,DET,DET,0,0,1,9.36898926427711,2025-12-29T04:36:19Z
2026,18447231,2025-12-24T03:30:00Z,LAC,HOU,HOU,LAC,0,1,0,8.214365450222338,2025-12-29T04:36:19Z
2026,18447232,2025-12-25T17:00:00Z,NYK,CLE,NYK,NYK,1,1,1,1.3932161620258539,2025-12-29T04:36:19Z
2026,18447233,2025-12-25T19:30:00Z,OKC,SAS,OKC,SAS,1,0,0,4.798007270530811,2025-12-29T04:36:19Z
2026,18447234,2025-12-25T22:00:00Z,GSW,DAL,GSW,GSW,1,1,1,7.153009910115271,2025-12-29T04:36:19Z
2026,18447235,2025-12-26T01:00:00Z,LAL,HOU,HOU,HOU,0,0,1,3.3345557410169544,2025-12-29T04:36:19Z
2026,18447236,2025-12-26T03:30:00Z,DEN,MIN,DEN,DEN,1,1,1,10.403876235234577,2025-12-29T04:36:19Z
2026,18447237,2025-12-27T00:00:00Z,ATL,MIA,MIA,MIA,0,0,1,4.193820724374094,2025-12-29T04:36:19Z
2026,18447238,2025-12-27T00:00:00Z,ORL,CHA,ORL,CHA,1,0,0,9.3084747447264,2025-12-29T04:36:19Z
2026,18447239,2025-12-27T00:00:00Z,WAS,TOR,TOR,WAS,0,1,0,15.929355256973658,2025-12-29T04:36:19Z
2026,18447240,2025-12-27T00:00:00Z,IND,BOS,BOS,BOS,0,0,1,14.704791582479437,2025-12-29T04:36:19Z
2026,18447241,2025-12-27T00:30:00Z,CHI,PHI,PHI,CHI,0,1,0,5.608641467541085,2025-12-29T04:36:19Z
2026,18447242,2025-12-27T01:00:00Z,MEM,MIL,MEM,MEM,1,1,1,1.2596408712151967,2025-12-29T04:36:19Z
2026,18447243,2025-12-27T01:00:00Z,NOP,PHX,PHX,PHX,0,0,1,8.359278945210736,2025-12-29T04:36:19Z
2026,18447244,2025-12-27T02:30:00Z,UTA,DET,DET,UTA,0,1,0,9.310047856207515,2025-12-29T04:36:19Z
2026,18447245,2025-12-27T03:00:00Z,POR,LAC,LAC,LAC,0,0,1,1.003455396135428,2025-12-29T04:36:19Z
2026,18447246,2025-12-27T22:00:00Z,SAC,DAL,DAL,SAC,0,1,0,1.7476506959335083,2025-12-29T04:36:19Z
2026,18447247,2025-12-28T00:00:00Z,ORL,DEN,DEN,ORL,0,1,0,9.921120870256491,2025-12-29T04:36:19Z
2026,18447248,2025-12-28T00:00:00Z,NOP,PHX,PHX,PHX,0,0,1,8.359278945210736,2025-12-29T04:36:19Z
2026,18447249,2025-12-28T01:00:00Z,ATL,NYK,NYK,NYK,0,0,1,8.271793182353857,2025-12-29T04:36:19Z
2026,18447250,2025-12-28T01:00:00Z,MIA,IND,MIA,MIA,1,1,1,11.93046028654855,2025-12-29T04:36:19Z
2026,18447251,2025-12-28T01:00:00Z,CHI,MIL,MIL,MIL,0,0,1,3.361379576260764,2025-12-29T04:36:19Z
2026,18447252,2025-12-28T01:00:00Z,HOU,CLE,HOU,HOU,1,1,1,3.320222123611112,2025-12-29T04:36:19Z
2026,18447253,2025-12-28T01:00:00Z,MIN,BKN,MIN,BKN,1,0,0,9.615013252094073,2025-12-29T04:36:19Z
2026,18447254,2025-12-28T01:00:00Z,SAS,UTA,SAS,UTA,1,0,0,14.08195088396598,2025-12-29T04:36:19Z
2026,18447255,2025-12-28T20:30:00Z,TOR,GSW,TOR,TOR,1,1,1,0.5405540277065892,2025-12-29T04:36:19Z
2026,18447256,2025-12-28T20:30:00Z,OKC,PHI,OKC,OKC,1,1,1,11.700543752192894,2025-12-29T04:36:19Z
2026,18447257,2025-12-28T23:00:00Z,WAS,MEM,MEM,WAS,0,1,0,12.738875413526655,2025-12-29T04:36:19Z
2026,18447258,2025-12-28T23:00:00Z,POR,BOS,BOS,POR,0,1,0,5.987173722723631,2025-12-29T04:36:19Z
2026,18447259,2025-12-29T02:00:00Z,LAC,DET,DET,LAC,0,1,0,2.09885680005222,2025-12-29T04:36:19Z
2026,18447260,2025-12-29T02:30:00Z,LAL,SAC,LAL,LAL,1,1,1,12.149942173430272,2025-12-29T04:36:19Z
2026,18447261,2025-12-30T00:00:00Z,CHA,MIL,MIL,MIL,0,0,1,2.935109999973386,2025-12-29T23:48:38Z
2026,18447262,2025-12-30T00:00:00Z,WAS,PHX,PHX,PHX,0,0,1,16.98242903623318,2025-12-29T23:48:38Z
2026,18447263,2025-12-30T00:30:00Z,BKN,GSW,GSW,GSW,0,0,1,7.6839171116224625,2025-12-29T23:48:38Z
2026,18447264,2025-12-30T00:30:00Z,MIA,DEN,DEN,MIA,0,1,0,11.807955599477358,2025-12-29T23:48:38Z
2026,18447265,2025-12-30T00:30:00Z,TOR,ORL,ORL,TOR,0,1,0,1.917536711923489,2025-12-29T23:48:38Z
2026,18447266,2025-12-30T01:00:00Z,CHI,MIN,MIN,MIN,0,0,1,9.249075905636579,2025-12-29T23:48:38Z
2026,18447267,2025-12-30T01:00:00Z,HOU,IND,HOU,HOU,1,1,1,17.94792418762872,2025-12-29T23:48:38Z
2026,18447268,2025-12-30T01:00:00Z,NOP,NYK,NYK,NYK,0,0,1,11.262537976361232,2025-12-29T23:48:38Z
2026,18447269,2025-12-30T01:00:00Z,OKC,ATL,OKC,OKC,1,1,1,13.634239021594496,2025-12-29T23:48:38Z
2026,18447270,2025-12-30T01:00:00Z,SAS,CLE,SAS,CLE,1,0,0,1.9821482672626285,2025-12-29T23:48:38Z
2026,18447271,2025-12-30T03:30:00Z,POR,DAL,POR,POR,1,1,1,4.654780143714115,2025-12-30T02:15:16Z
2026,18447272,2025-12-31T01:00:00Z,MEM,PHI,PHI,PHI,0,0,1,1.1778928359500844,2025-12-30T20:13:29Z
2026,18447273,2025-12-31T02:00:00Z,UTA,BOS,BOS,BOS,0,0,1,12.091214307931406,2025-12-30T20:13:29Z
2026,18447274,2025-12-31T03:30:00Z,LAL,DET,LAL,DET,1,0,0,2.921244855192704,2025-12-30T20:13:29Z
2026,18447275,2025-12-31T04:00:00Z,LAC,SAC,LAC,LAC,1,1,1,7.402712902895301,2025-12-30T20:13:29Z
