game_id,bet_date,bet_type,teams,market_line,model_line,edge,recommended_bet
18446819,2025-10-21,Spread,HOU @ OKC,OKC +1.5,OKC +0.8,-0.7107743492672622,OKC +1.5
18446819,2025-10-21,Total,HOU @ OKC,249.5,257.1,7.574265678354379,Over 249.5
18446820,2025-10-21,Spread,GSW @ LAL,LAL +9.5,LAL +9.1,-0.3798867980722296,LAL +9.5
18446820,2025-10-21,Total,GSW @ LAL,232.5,229.8,-2.6557162285869538,Under 232.5
18446821,2025-10-22,Spread,CLE @ NYK,NYK -7.5,NYK -7.7,-0.24354052848811047,NYK -7.5
18446821,2025-10-22,Total,CLE @ NYK,231.5,230.9,-0.6221381214467385,Under 231.5
18446822,2025-10-22,Spread,SAS @ DAL,DAL +32.5,DAL +32.1,-0.3798867980722278,DAL +32.5
18446822,2025-10-22,Total,SAS @ DAL,218.5,218.3,-0.1566242542944849,Under 218.5
18446823,2025-10-22,Spread,BKN @ CHA,CHA -21.5,CHA -21.4,0.1438096993601654,BKN +21.5
18446823,2025-10-22,Total,BKN @ CHA,253.5,252.2,-1.259944772378418,Under 253.5
18446824,2025-10-22,Spread,MIA @ ORL,ORL -2.5,ORL -2.7,-0.24354052848811003,ORL -2.5
18446824,2025-10-22,Total,MIA @ ORL,246.5,243.8,-2.6594213501953448,Under 246.5
18446825,2025-10-22,Spread,TOR @ ATL,ATL +19.5,ATL +19.1,-0.3798867980722278,ATL +19.5
18446825,2025-10-22,Total,TOR @ ATL,255.5,252.7,-2.782837693503126,Under 255.5
18446826,2025-10-22,Spread,PHI @ BOS,BOS +1.5,BOS +0.8,-0.7107743492672622,BOS +1.5
18446826,2025-10-22,Total,PHI @ BOS,230.5,233.2,2.69680633203825,Over 230.5
18446827,2025-10-22,Spread,DET @ CHI,CHI -3.5,CHI -3.7,-0.24354052848811003,CHI -3.5
18446827,2025-10-22,Total,DET @ CHI,226.5,226.1,-0.3892021594961079,Under 226.5
18446828,2025-10-22,Spread,NOP @ MEM,MEM -5.5,MEM -5.7,-0.24354052848811047,MEM -5.5
18446828,2025-10-22,Total,NOP @ MEM,249.5,249.1,-0.3907414044673203,Under 249.5
18446829,2025-10-22,Spread,WAS @ MIL,MIL -13.5,MIL -13.4,0.1438096993601654,WAS +13.5
18446829,2025-10-22,Total,WAS @ MIL,254.5,253.1,-1.4075030579712973,Under 254.5
18446830,2025-10-22,Spread,LAC @ UTA,UTA -21.5,UTA -21.4,0.1438096993601654,LAC +21.5
18446830,2025-10-22,Total,LAC @ UTA,238.5,237.6,-0.8753211044220564,Under 238.5
18446831,2025-10-22,Spread,SAC @ PHX,PHX -4.5,PHX -4.7,-0.24354052848811047,PHX -4.5
18446831,2025-10-22,Total,SAC @ PHX,234.5,234.8,0.3321590236488987,Over 234.5
18446832,2025-10-22,Spread,MIN @ POR,POR +3.5,POR +2.8,-0.710774349267262,POR +3.5
18446832,2025-10-22,Total,MIN @ POR,233.5,228.8,-4.668753082306097,Under 233.5
18446833,2025-10-23,Spread,OKC @ IND,IND +5.5,IND +4.1,-1.3672292915805055,IND +5.5
18446833,2025-10-23,Total,OKC @ IND,279.5,277.7,-1.8230068793131409,Under 279.5
18446834,2025-10-23,Spread,DEN @ GSW,GSW -7.5,GSW -6.8,0.6702623090438999,DEN +7.5
18446834,2025-10-23,Total,DEN @ GSW,267.5,264.5,-3.044625192565718,Under 267.5
18446835,2025-10-24,Spread,BOS @ NYK,NYK -9.5,NYK -9.5,-0.047499431724997265,NYK -9.5
18446835,2025-10-24,Total,BOS @ NYK,203.5,194.0,-9.506080352909521,Under 203.5
18446836,2025-10-24,Spread,MIN @ LAL,LAL -16.5,LAL -17.8,-1.2580291123949259,LAL -16.5
18446836,2025-10-24,Total,MIN @ LAL,242.5,238.4,-4.101993421219078,Under 242.5
18446837,2025-10-24,Spread,ATL @ ORL,ORL +1.5,ORL +3.3,1.821499937016473,ATL -1.5
18446837,2025-10-24,Total,ATL @ ORL,220.5,215.4,-5.088585614682216,Under 220.5
18446838,2025-10-24,Spread,CLE @ BKN,BKN +6.5,BKN +6.8,0.2931828601277129,CLE -6.5
18446838,2025-10-24,Total,CLE @ BKN,258.5,254.2,-4.279886934020652,Under 258.5
18446839,2025-10-24,Spread,MIL @ TOR,TOR +6.5,TOR +3.0,-3.4783515842455586,TOR +6.5
18446839,2025-10-24,Total,MIL @ TOR,242.5,239.5,-2.987762639829924,Under 242.5
18446840,2025-10-24,Spread,DET @ HOU,HOU +3.5,HOU +4.7,1.20335932625734,DET -3.5
18446840,2025-10-24,Total,DET @ HOU,231.5,227.5,-3.954766485320505,Under 231.5
18446841,2025-10-24,Spread,MIA @ MEM,MEM +32.5,MEM +31.8,-0.665807659480091,MEM +32.5
18446841,2025-10-24,Total,MIA @ MEM,259.5,258.2,-1.3238934735672387,Under 259.5
18446842,2025-10-24,Spread,SAS @ NOP,NOP +1.5,NOP +3.1,1.5641014700617597,SAS -1.5
18446842,2025-10-24,Total,SAS @ NOP,233.5,237.4,3.9341972181084657,Over 233.5
18446843,2025-10-24,Spread,WAS @ DAL,DAL +9.5,DAL +9.9,0.41802089788768804,WAS -9.5
18446843,2025-10-24,Total,WAS @ DAL,226.5,224.3,-2.2237337998113844,Under 226.5
18446844,2025-10-24,Spread,GSW @ POR,POR -17.5,POR -18.7,-1.180994747323222,POR -17.5
18446844,2025-10-24,Total,GSW @ POR,262.5,258.0,-4.47675386542636,Under 262.5
18446845,2025-10-24,Spread,UTA @ SAC,SAC +1.5,SAC +0.9,-0.5910919967807631,SAC +1.5
18446845,2025-10-24,Total,UTA @ SAC,211.5,214.9,3.385865247444457,Over 211.5
18446846,2025-10-24,Spread,PHX @ LAC,LAC -27.5,LAC -27.1,0.3950484123629536,PHX +27.5
18446846,2025-10-24,Total,PHX @ LAC,232.5,231.7,-0.8458643745205165,Under 232.5
18446847,2025-10-25,Spread,CHI @ ORL,ORL +11.5,ORL +12.3,0.8165155036360741,CHI -11.5
18446847,2025-10-25,Total,CHI @ ORL,208.5,185.9,-22.625423900001863,Under 208.5
18446848,2025-10-25,Spread,OKC @ ATL,ATL +17.5,ATL +16.6,-0.8906536267185174,ATL +17.5
18446848,2025-10-25,Total,OKC @ ATL,215.5,213.2,-2.2549033017105273,Under 215.5
18446849,2025-10-25,Spread,CHA @ PHI,PHI -3.5,PHI -4.3,-0.7730695740115205,PHI -3.5
18446849,2025-10-25,Total,CHA @ PHI,246.5,244.4,-2.0981620237825496,Under 246.5
18446850,2025-10-25,Spread,IND @ MEM,MEM -24.5,MEM -24.5,-0.0002694492132881976,MEM -24.5
18446850,2025-10-25,Total,IND @ MEM,237.5,229.6,-7.940724189734254,Under 237.5
18446851,2025-10-25,Spread,PHX @ DEN,DEN -24.5,DEN -22.1,2.3791944473163475,PHX +24.5
18446851,2025-10-25,Total,PHX @ DEN,236.5,244.7,8.152743345709155,Over 236.5
18446852,2025-10-26,Spread,BKN @ SAS,SAS -10.5,SAS -12.7,-2.205089897650163,SAS -10.5
18446852,2025-10-26,Total,BKN @ SAS,227.5,225.8,-1.6886672136373306,Under 227.5
18446853,2025-10-26,Spread,BOS @ DET,DET -7.5,DET -6.7,0.8334521917824018,BOS +7.5
18446853,2025-10-26,Total,BOS @ DET,233.5,232.3,-1.1836912524890693,Under 233.5
18446854,2025-10-26,Spread,MIL @ CLE,CLE -4.5,CLE -4.5,0.018295021883794504,MIL +4.5
18446854,2025-10-26,Total,MIL @ CLE,225.5,232.8,7.343106666564637,Over 225.5
18446855,2025-10-26,Spread,NYK @ MIA,MIA -9.5,MIA -9.5,-0.012417553462983122,MIA -9.5
18446855,2025-10-26,Total,NYK @ MIA,223.5,223.1,-0.4340014031505177,Under 223.5
18446856,2025-10-26,Spread,CHA @ WAS,WAS +26.5,WAS +26.6,0.08685531581581785,CHA -26.5
18446856,2025-10-26,Total,CHA @ WAS,252.5,252.2,-0.288252388348468,Under 252.5
18446857,2025-10-26,Spread,IND @ MIN,MIN -3.5,MIN -3.9,-0.3949546980838692,MIN -3.5
18446857,2025-10-26,Total,IND @ MIN,221.5,220.8,-0.673392119879054,Under 221.5
18446858,2025-10-26,Spread,TOR @ DAL,DAL -9.5,DAL -10.6,-1.1464877017841282,DAL -9.5
18446858,2025-10-26,Total,TOR @ DAL,267.5,267.6,0.12032141790854212,Over 267.5
18446859,2025-10-26,Spread,POR @ LAC,LAC -6.5,LAC -7.1,-0.6173507142266761,LAC -6.5
18446859,2025-10-26,Total,POR @ LAC,225.5,223.3,-2.2379577432782014,Under 225.5
18446860,2025-10-26,Spread,LAL @ SAC,SAC +6.5,SAC +8.9,2.438205192409372,LAL -6.5
18446860,2025-10-26,Total,LAL @ SAC,247.5,245.9,-1.6305413563897844,Under 247.5
18446861,2025-10-27,Spread,CLE @ DET,DET +21.5,DET +20.8,-0.6653918534352457,DET +21.5
18446861,2025-10-27,Total,CLE @ DET,211.5,205.9,-5.623517370084642,Under 211.5
18446862,2025-10-27,Spread,DEN @ MIN,MIN +11.5,MIN +13.0,1.5043795564968327,DEN -11.5
18446862,2025-10-27,Total,DEN @ MIN,244.5,239.6,-4.898109872613787,Under 244.5
18446863,2025-10-27,Spread,ORL @ PHI,PHI -11.5,PHI -11.3,0.19182885113005987,ORL +11.5
18446863,2025-10-27,Total,ORL @ PHI,263.5,258.9,-4.645094680948432,Under 263.5
18446864,2025-10-27,Spread,ATL @ CHI,CHI -4.5,CHI -4.9,-0.39676996057322444,CHI -4.5
18446864,2025-10-27,Total,ATL @ CHI,251.5,250.4,-1.064278785192812,Under 251.5
18446865,2025-10-27,Spread,BKN @ HOU,HOU -29.5,HOU -28.0,1.5119339809146553,BKN +29.5
18446865,2025-10-27,Total,BKN @ HOU,244.5,242.8,-1.6525733624525571,Under 244.5
18446866,2025-10-27,Spread,BOS @ NOP,NOP +32.5,NOP +33.0,0.450809055821054,BOS -32.5
18446866,2025-10-27,Total,BOS @ NOP,214.5,204.3,-10.213289050745146,Under 214.5
18446867,2025-10-27,Spread,TOR @ SAS,SAS -17.5,SAS -19.2,-1.6690785544355329,SAS -17.5
18446867,2025-10-27,Total,TOR @ SAS,227.5,225.9,-1.5813726741919254,Under 227.5
18446868,2025-10-27,Spread,OKC @ DAL,DAL +6.5,DAL +5.3,-1.1850390901463275,DAL +6.5
18446868,2025-10-27,Total,OKC @ DAL,194.5,227.3,32.82003449950187,Over 194.5
18446869,2025-10-27,Spread,PHX @ UTA,UTA -3.5,UTA -3.4,0.09003239457022572,PHX +3.5
18446869,2025-10-27,Total,PHX @ UTA,272.5,271.5,-0.9506063082003493,Under 272.5
18446870,2025-10-27,Spread,MEM @ GSW,GSW -15.5,GSW -13.7,1.7669811265591786,MEM +15.5
18446870,2025-10-27,Total,MEM @ GSW,250.5,249.1,-1.3985664604753651,Under 250.5
18446871,2025-10-27,Spread,POR @ LAL,LAL +14.5,LAL +14.1,-0.4183024990612072,LAL +14.5
18446871,2025-10-27,Total,POR @ LAL,229.5,231.0,1.483354032513887,Over 229.5
18446872,2025-10-28,Spread,PHI @ WAS,WAS +2.5,WAS +4.1,1.5815944953345937,PHI -2.5
18446872,2025-10-28,Total,PHI @ WAS,272.5,268.8,-3.661311648784647,Under 272.5
18446873,2025-10-28,Spread,CHA @ MIA,MIA -24.5,MIA -26.9,-2.3839663516238296,MIA -24.5
18446873,2025-10-28,Total,CHA @ MIA,259.5,260.7,1.2439575921029586,Over 259.5
18446874,2025-10-28,Spread,NYK @ MIL,MIL -9.5,MIL -9.6,-0.12672438333699532,MIL -9.5
18446874,2025-10-28,Total,NYK @ MIL,235.5,232.3,-3.2421518251773307,Under 235.5
18446875,2025-10-28,Spread,SAC @ OKC,OKC -4.5,OKC -5.9,-1.4057629374664744,OKC -4.5
18446875,2025-10-28,Total,SAC @ OKC,209.5,202.7,-6.760079320296001,Under 209.5
18446876,2025-10-28,Spread,LAC @ GSW,GSW -18.5,GSW -19.5,-0.9635794367937329,GSW -18.5
18446876,2025-10-28,Total,LAC @ GSW,176.5,220.0,43.506241670591635,Over 176.5
18446877,2025-10-29,Spread,CLE @ BOS,BOS -19.5,BOS -20.9,-1.3588278123217634,BOS -19.5
18446877,2025-10-29,Total,CLE @ BOS,232.5,230.2,-2.2908461186545708,Under 232.5
18446878,2025-10-29,Spread,ORL @ DET,DET -20.5,DET -19.4,1.1374119088729877,ORL +20.5
18446878,2025-10-29,Total,ORL @ DET,250.5,251.5,1.0159159519037644,Over 250.5
18446879,2025-10-29,Spread,ATL @ BKN,BKN +5.5,BKN +4.6,-0.8732302137117358,BKN +5.5
18446879,2025-10-29,Total,ATL @ BKN,232.5,230.1,-2.3835719955453385,Under 232.5
18446880,2025-10-29,Spread,HOU @ TOR,TOR +17.5,TOR +17.8,0.276575740054291,HOU -17.5
18446880,2025-10-29,Total,HOU @ TOR,262.5,260.8,-1.723428487677893,Under 262.5
18446881,2025-10-29,Spread,SAC @ CHI,CHI -11.5,CHI -12.8,-1.2626904710245874,CHI -11.5
18446881,2025-10-29,Total,SAC @ CHI,242.5,240.0,-2.456126807338393,Under 242.5
18446882,2025-10-29,Spread,IND @ DAL,DAL -2.5,DAL -2.5,0.023240854995430382,IND +2.5
18446882,2025-10-29,Total,IND @ DAL,214.5,212.7,-1.7975842053895406,Under 214.5
18446883,2025-10-29,Spread,NOP @ DEN,DEN -34.5,DEN -34.2,0.28916576646530956,NOP +34.5
18446883,2025-10-29,Total,NOP @ DEN,211.5,199.0,-12.546305910272508,Under 211.5
18446884,2025-10-29,Spread,POR @ UTA,UTA +2.5,UTA +2.1,-0.42373784541344506,UTA +2.5
18446884,2025-10-29,Total,POR @ UTA,264.5,264.4,-0.14513865469507437,Under 264.5
18446885,2025-10-29,Spread,LAL @ MIN,MIN +4.5,MIN +1.3,-3.1845138752094235,MIN +4.5
18446885,2025-10-29,Total,LAL @ MIN,232.5,234.7,2.2112903386841083,Over 232.5
18446886,2025-10-29,Spread,MEM @ PHX,PHX +1.5,PHX +1.1,-0.43808064361284593,PHX +1.5
18446886,2025-10-29,Total,MEM @ PHX,231.5,230.9,-0.6308253325163093,Under 231.5
18446887,2025-10-30,Spread,ORL @ CHA,CHA +15.5,CHA +16.4,0.8918524659634457,ORL -15.5
18446887,2025-10-30,Total,ORL @ CHA,233.5,230.9,-2.5644559869165278,Under 233.5
18446888,2025-10-30,Spread,GSW @ MIL,MIL -5.5,MIL -9.0,-3.5068051918895637,MIL -5.5
18446888,2025-10-30,Total,GSW @ MIL,233.5,231.1,-2.3928042597817694,Under 233.5
18446889,2025-10-30,Spread,WAS @ OKC,OKC -19.5,OKC -19.6,-0.05863961863074252,OKC -19.5
18446889,2025-10-30,Total,WAS @ OKC,240.5,236.0,-4.4556346739769594,Under 240.5
18446890,2025-10-30,Spread,MIA @ SAS,SAS -5.5,SAS -7.9,-2.362953247379904,SAS -5.5
18446890,2025-10-30,Total,MIA @ SAS,209.5,203.1,-6.416009700273037,Under 209.5
18446891,2025-10-31,Spread,ATL @ IND,IND +20.5,IND +19.8,-0.6701025221979968,IND +20.5
18446891,2025-10-31,Total,ATL @ IND,234.5,237.1,2.5656721345960705,Over 234.5
18446892,2025-10-31,Spread,BOS @ PHI,PHI +1.5,PHI +0.1,-1.4295547421752581,PHI +1.5
18446892,2025-10-31,Total,BOS @ PHI,218.5,216.1,-2.434479210126824,Under 218.5
18446893,2025-10-31,Spread,TOR @ CLE,CLE +10.5,CLE +11.0,0.496123272723489,TOR -10.5
18446893,2025-10-31,Total,TOR @ CLE,213.5,202.1,-11.385606214354453,Under 213.5
18446894,2025-10-31,Spread,NYK @ CHI,CHI -9.5,CHI -9.8,-0.26289961116183846,CHI -9.5
18446894,2025-10-31,Total,NYK @ CHI,258.5,258.4,-0.08916280088749318,Under 258.5
18446895,2025-10-31,Spread,LAL @ MEM,MEM +6.5,MEM +5.1,-1.3782041311844244,MEM +6.5
18446895,2025-10-31,Total,LAL @ MEM,227.5,228.6,1.0567037700063509,Over 227.5
18446896,2025-10-31,Spread,UTA @ PHX,PHX -22.5,PHX -22.1,0.4059955139114635,UTA +22.5
18446896,2025-10-31,Total,UTA @ PHX,212.5,213.9,1.380698593808944,Over 212.5
18446897,2025-10-31,Spread,DEN @ POR,POR +2.5,POR -1.8,-4.285256614481629,POR +2.5
18446897,2025-10-31,Total,DEN @ POR,217.5,224.6,7.080629142294782,Over 217.5
18446898,2025-10-31,Spread,NOP @ LAC,LAC -2.5,LAC -1.4,1.0800430168361013,NOP +2.5
18446898,2025-10-31,Total,NOP @ LAC,249.5,248.1,-1.4369915290666881,Under 249.5
18446899,2025-11-01,Spread,SAC @ MIL,MIL +3.5,MIL +2.9,-0.5526072174535912,MIL +3.5
18446899,2025-11-01,Total,SAC @ MIL,268.5,266.3,-2.161542525947084,Under 268.5
18446900,2025-11-01,Spread,MIN @ CHA,CHA +16.5,CHA +17.2,0.6561902861498226,MIN -16.5
18446900,2025-11-01,Total,MIN @ CHA,223.5,225.7,2.1842099748555484,Over 223.5
18446901,2025-11-01,Spread,GSW @ IND,IND -4.5,IND -4.4,0.13039532984533242,GSW +4.5
18446901,2025-11-01,Total,GSW @ IND,223.5,222.1,-1.3851930299817354,Under 223.5
18446902,2025-11-01,Spread,ORL @ WAS,WAS +31.5,WAS +31.4,-0.11665263884103894,WAS +31.5
18446902,2025-11-01,Total,ORL @ WAS,217.5,221.1,3.5684403204467117,Over 217.5
18446903,2025-11-01,Spread,HOU @ BOS,BOS +26.5,BOS +27.1,0.581857543368546,HOU -26.5
18446903,2025-11-01,Total,HOU @ BOS,231.5,227.1,-4.418006351284674,Under 231.5
18446904,2025-11-01,Spread,DAL @ DET,DET -11.5,DET -11.5,-0.0014423318564311671,DET -11.5
18446904,2025-11-01,Total,DAL @ DET,236.5,233.9,-2.613085396697727,Under 236.5
18446905,2025-11-02,Spread,NOP @ OKC,OKC -30.5,OKC -30.8,-0.27361771126089707,OKC -30.5
18446905,2025-11-02,Total,NOP @ OKC,243.5,242.8,-0.6564590521984996,Under 243.5
18446906,2025-11-02,Spread,PHI @ BKN,BKN +23.5,BKN +23.4,-0.058015830991244854,BKN +23.5
18446906,2025-11-02,Total,PHI @ BKN,234.5,234.9,0.36941874614720405,Over 234.5
18446907,2025-11-02,Spread,UTA @ CHA,CHA -24.5,CHA -22.9,1.617860592409965,UTA +24.5
18446907,2025-11-02,Total,UTA @ CHA,229.5,229.4,-0.11257490550573834,Under 229.5
18446908,2025-11-02,Spread,ATL @ CLE,CLE -8.5,CLE -7.9,0.5590383384447293,ATL +8.5
18446908,2025-11-02,Total,ATL @ CLE,225.5,225.3,-0.24462544519437301,Under 225.5
18446909,2025-11-02,Spread,MEM @ TOR,TOR -13.5,TOR -13.1,0.407672083263213,MEM +13.5
18446909,2025-11-02,Total,MEM @ TOR,225.5,220.3,-5.23931990102875,Under 225.5
18446910,2025-11-02,Spread,CHI @ NYK,NYK -14.5,NYK -12.6,1.8714758027805054,CHI +14.5
18446910,2025-11-02,Total,CHI @ NYK,245.5,243.6,-1.8545203211536432,Under 245.5
18446911,2025-11-02,Spread,SAS @ PHX,PHX -12.5,PHX -12.0,0.49818631273664415,SAS +12.5
18446911,2025-11-02,Total,SAS @ PHX,248.5,248.5,-0.018547082261591186,Under 248.5
18446912,2025-11-02,Spread,MIA @ LAL,LAL -10.5,LAL -10.7,-0.15902436663511565,LAL -10.5
18446912,2025-11-02,Total,MIA @ LAL,247.5,250.2,2.682133539120599,Over 247.5
18446913,2025-11-03,Spread,MIN @ BKN,BKN +16.5,BKN +16.5,-0.03514586262203778,BKN +16.5
18446913,2025-11-03,Total,MIN @ BKN,235.5,233.1,-2.368241845219586,Under 235.5
18446914,2025-11-03,Spread,MIL @ IND,IND +2.5,IND +2.5,-0.03672254758488469,IND +2.5
18446914,2025-11-03,Total,MIL @ IND,232.5,225.9,-6.627123236572345,Under 232.5
18446915,2025-11-03,Spread,UTA @ BOS,BOS +1.5,BOS +1.7,0.23722333153538777,UTA -1.5
18446915,2025-11-03,Total,UTA @ BOS,215.5,204.8,-10.650474115428295,Under 215.5
18446916,2025-11-03,Spread,WAS @ NYK,NYK -17.5,NYK -17.3,0.22456463551501926,WAS +17.5
18446916,2025-11-03,Total,WAS @ NYK,223.5,221.8,-1.706420927763162,Under 223.5
18446917,2025-11-03,Spread,DAL @ HOU,HOU -5.5,HOU -7.6,-2.0983569437831733,HOU -5.5
18446917,2025-11-03,Total,DAL @ HOU,214.5,213.2,-1.3477624946573599,Under 214.5
18446918,2025-11-03,Spread,DET @ MEM,MEM +6.5,MEM +8.1,1.550087915396288,DET -6.5
18446918,2025-11-03,Total,DET @ MEM,221.5,218.4,-3.07948348723491,Under 221.5
18446919,2025-11-03,Spread,SAC @ DEN,DEN -6.5,DEN -6.2,0.2550583129688171,SAC +6.5
18446919,2025-11-03,Total,SAC @ DEN,255.5,253.4,-2.097509698448448,Under 255.5
18446920,2025-11-03,Spread,LAL @ POR,POR +9.5,POR +7.9,-1.6328704471888518,POR +9.5
18446920,2025-11-03,Total,LAL @ POR,235.5,237.5,1.9909267124976964,Over 235.5
18446921,2025-11-03,Spread,MIA @ LAC,LAC +1.5,LAC +1.3,-0.21215283012157138,LAC +1.5
18446921,2025-11-03,Total,MIA @ LAC,242.5,239.8,-2.743515854924482,Under 242.5
18446922,2025-11-04,Spread,MIL @ TOR,TOR -27.5,TOR -27.4,0.11957170947381002,MIL +27.5
18446922,2025-11-04,Total,MIL @ TOR,228.5,227.5,-1.0035781268331618,Under 228.5
18446923,2025-11-04,Spread,ORL @ ATL,ATL -14.5,ATL -14.9,-0.3954654548225047,ATL -14.5
18446923,2025-11-04,Total,ORL @ ATL,240.5,239.4,-1.1209729770458239,Under 240.5
18446924,2025-11-04,Spread,PHI @ CHI,CHI -1.5,CHI -2.7,-1.2112246439520424,CHI -1.5
18446924,2025-11-04,Total,PHI @ CHI,224.5,221.2,-3.344484386024476,Under 224.5
18446925,2025-11-04,Spread,CHA @ NOP,NOP +3.5,NOP -2.9,-6.382356808029945,NOP +3.5
18446925,2025-11-04,Total,CHA @ NOP,230.5,234.4,3.852159624911053,Over 230.5
18446926,2025-11-04,Spread,PHX @ GSW,GSW -12.5,GSW -10.9,1.5541841381694805,PHX +12.5
18446926,2025-11-04,Total,PHX @ GSW,229.5,225.6,-3.933732858112762,Under 229.5
18446927,2025-11-04,Spread,OKC @ LAC,LAC +18.5,LAC +19.0,0.48824829727825403,OKC -18.5
18446927,2025-11-04,Total,OKC @ LAC,236.5,232.9,-3.551819725787368,Under 236.5
18446928,2025-11-05,Spread,PHI @ CLE,CLE -11.5,CLE -11.1,0.4285622719101774,PHI +11.5
18446928,2025-11-05,Total,PHI @ CLE,254.5,252.1,-2.3894356106136456,Under 254.5
18446929,2025-11-05,Spread,UTA @ DET,DET -11.5,DET -11.1,0.4212052121572114,UTA +11.5
18446929,2025-11-05,Total,UTA @ DET,219.5,216.1,-3.4125406114293924,Under 219.5
18446930,2025-11-05,Spread,BKN @ IND,IND +6.5,IND +9.6,3.0561138544769584,BKN -6.5
18446930,2025-11-05,Total,BKN @ IND,216.5,212.5,-3.9966904629804105,Under 216.5
18446931,2025-11-05,Spread,WAS @ BOS,BOS -28.5,BOS -29.0,-0.4861129509615907,BOS -28.5
18446931,2025-11-05,Total,WAS @ BOS,243.5,242.0,-1.491766628586106,Under 243.5
18446932,2025-11-05,Spread,MIN @ NYK,NYK -20.5,NYK -21.9,-1.3585915421426797,NYK -20.5
18446932,2025-11-05,Total,MIN @ NYK,251.5,249.8,-1.7140837556530357,Under 251.5
18446933,2025-11-05,Spread,HOU @ MEM,MEM +14.5,MEM +14.5,0.0412827118552066,HOU -14.5
18446933,2025-11-05,Total,HOU @ MEM,235.5,233.0,-2.464180516789469,Under 235.5
18446934,2025-11-05,Spread,NOP @ DAL,DAL +1.5,DAL +1.8,0.34369314255658656,NOP -1.5
18446934,2025-11-05,Total,NOP @ DAL,200.5,248.9,48.44776101700066,Over 200.5
18446935,2025-11-05,Spread,MIA @ DEN,DEN -10.5,DEN -10.3,0.20181623558058348,MIA +10.5
18446935,2025-11-05,Total,MIA @ DEN,235.5,233.9,-1.641049506645885,Under 235.5
18446936,2025-11-05,Spread,SAS @ LAL,LAL -1.5,LAL -2.2,-0.6731050243974854,LAL -1.5
18446936,2025-11-05,Total,SAS @ LAL,234.5,232.5,-1.9514546911069601,Under 234.5
18446937,2025-11-05,Spread,OKC @ POR,POR -2.5,POR -2.0,0.5001883617094296,OKC +2.5
18446937,2025-11-05,Total,OKC @ POR,239.5,238.7,-0.8448467789735048,Under 239.5
18446938,2025-11-05,Spread,GSW @ SAC,SAC -6.5,SAC -5.2,1.256953534783813,GSW +6.5
18446938,2025-11-05,Total,GSW @ SAC,235.5,236.0,0.45968450551043816,Over 235.5
18446939,2025-11-06,Spread,LAC @ PHX,PHX -13.5,PHX -12.9,0.6374424559498895,LAC +13.5
18446939,2025-11-06,Total,LAC @ PHX,219.5,218.7,-0.8449635447063599,Under 219.5
18446940,2025-11-07,Spread,BOS @ ORL,ORL -3.5,ORL -11.2,-7.694684354886023,ORL -3.5
18446940,2025-11-07,Total,BOS @ ORL,228.5,242.3,13.811322123249255,Over 228.5
18446941,2025-11-07,Spread,CLE @ WAS,WAS +36.5,WAS +33.7,-2.8302361514690233,WAS +36.5
18446941,2025-11-07,Total,CLE @ WAS,259.5,261.8,2.3406837088890597,Over 259.5
18446942,2025-11-07,Spread,TOR @ ATL,ATL +11.5,ATL +11.5,-0.0295733376294951,ATL +11.5
18446942,2025-11-07,Total,TOR @ ATL,206.5,213.6,7.110650377302562,Over 206.5
18446943,2025-11-07,Spread,DET @ BKN,BKN +21.5,BKN +18.5,-2.954023723036034,BKN +21.5
18446943,2025-11-07,Total,DET @ BKN,230.5,231.2,0.7151164373690904,Over 230.5
18446944,2025-11-07,Spread,HOU @ SAS,SAS -7.5,SAS -10.1,-2.6316855253932534,SAS -7.5
18446944,2025-11-07,Total,HOU @ SAS,232.5,230.1,-2.351207513906729,Under 232.5
18446945,2025-11-07,Spread,CHA @ MIA,MIA -15.5,MIA -18.5,-3.0168044638032327,MIA -15.5
18446945,2025-11-07,Total,CHA @ MIA,230.5,233.6,3.1442605341561602,Over 230.5
18446946,2025-11-07,Spread,DAL @ MEM,MEM -16.5,MEM -14.5,2.006582019057756,DAL +16.5
18446946,2025-11-07,Total,DAL @ MEM,224.5,222.2,-2.3452548450425468,Under 224.5
18446947,2025-11-07,Spread,CHI @ MIL,MIL -16.5,MIL -15.7,0.7916431168671796,CHI +16.5
18446947,2025-11-07,Total,CHI @ MIL,236.5,234.2,-2.2722781239245933,Under 236.5
18446948,2025-11-07,Spread,UTA @ MIN,MIN -40.5,MIN -39.7,0.7992535898467779,UTA +40.5
18446948,2025-11-07,Total,UTA @ MIN,234.5,234.1,-0.36984726781048494,Under 234.5
18446949,2025-11-07,Spread,GSW @ DEN,DEN -25.5,DEN -25.0,0.5398282160489245,GSW +25.5
18446949,2025-11-07,Total,GSW @ DEN,234.5,233.3,-1.2183314688884934,Under 234.5
18446950,2025-11-07,Spread,OKC @ SAC,SAC +30.5,SAC +31.1,0.581647342055355,OKC -30.5
18446950,2025-11-07,Total,OKC @ SAC,233.5,234.0,0.48469390684780933,Over 233.5
18446951,2025-11-08,Spread,DAL @ WAS,WAS +5.5,WAS +5.9,0.4122048142837764,DAL -5.5
18446951,2025-11-08,Total,DAL @ WAS,219.5,217.8,-1.695837610277124,Under 219.5
18446952,2025-11-08,Spread,TOR @ PHI,PHI -7.5,PHI -9.6,-2.0772652209730467,PHI -7.5
18446952,2025-11-08,Total,TOR @ PHI,252.5,250.9,-1.5782072740335877,Under 252.5
18446953,2025-11-08,Spread,LAL @ ATL,ATL -20.5,ATL -20.8,-0.33737916590021655,ATL -20.5
18446953,2025-11-08,Total,LAL @ ATL,226.5,223.8,-2.7218692810239986,Under 226.5
18446954,2025-11-08,Spread,CHI @ CLE,CLE -4.5,CLE -5.6,-1.1077336689184616,CLE -4.5
18446954,2025-11-08,Total,CHI @ CLE,249.5,250.4,0.8556514045044992,Over 249.5
18446955,2025-11-08,Spread,POR @ MIA,MIA -6.5,MIA -7.5,-0.9659128744567198,MIA -6.5
18446955,2025-11-08,Total,POR @ MIA,269.5,267.5,-2.022024464478875,Under 269.5
18446956,2025-11-08,Spread,NOP @ SAS,SAS -6.5,SAS -6.6,-0.1441361337795879,SAS -6.5
18446956,2025-11-08,Total,NOP @ SAS,246.5,243.2,-3.3289405431145838,Under 246.5
18446957,2025-11-08,Spread,IND @ DEN,DEN -17.5,DEN -17.4,0.11431702082892059,IND +17.5
18446957,2025-11-08,Total,IND @ DEN,220.5,216.5,-3.9729850184855593,Under 220.5
18446958,2025-11-08,Spread,PHX @ LAC,LAC +10.5,LAC +11.0,0.4973996475489031,PHX -10.5
18446958,2025-11-08,Total,PHX @ LAC,218.5,220.0,1.5116065366493672,Over 218.5
18446959,2025-11-09,Spread,HOU @ MIL,MIL +5.5,MIL +6.5,0.9717908833535613,HOU -5.5
18446959,2025-11-09,Total,HOU @ MIL,236.5,237.3,0.8266190494881869,Over 236.5
18446960,2025-11-09,Spread,BKN @ NYK,NYK -35.5,NYK -35.3,0.17508351744285733,BKN +35.5
18446960,2025-11-09,Total,BKN @ NYK,235.5,233.8,-1.6941663984289619,Under 235.5
18446961,2025-11-09,Spread,BOS @ ORL,ORL +5.5,ORL +2.9,-2.5746006137149298,ORL +5.5
18446961,2025-11-09,Total,BOS @ ORL,215.5,217.5,2.031059585518733,Over 215.5
18446962,2025-11-09,Spread,OKC @ MEM,MEM +13.5,MEM +13.7,0.208179056876709,OKC -13.5
18446962,2025-11-09,Total,OKC @ MEM,218.5,216.9,-1.5961466224386527,Under 218.5
18446963,2025-11-09,Spread,DET @ PHI,PHI +3.5,PHI +3.3,-0.23437994261967132,PHI +3.5
18446963,2025-11-09,Total,DET @ PHI,221.5,219.2,-2.2645738255808965,Under 221.5
18446964,2025-11-09,Spread,IND @ GSW,GSW -30.5,GSW -31.2,-0.6925503915393527,GSW -30.5
18446964,2025-11-09,Total,IND @ GSW,200.5,240.0,39.515002283878005,Over 200.5
18446965,2025-11-09,Spread,MIN @ SAC,SAC +29.5,SAC +27.3,-2.177163397931956,SAC +29.5
18446965,2025-11-09,Total,MIN @ SAC,256.5,259.6,3.103379673350389,Over 256.5
18446966,2025-11-10,Spread,LAL @ CHA,CHA +9.5,CHA +9.9,0.4050137830363578,LAL -9.5
18446966,2025-11-10,Total,LAL @ CHA,231.5,229.8,-1.7263011755978823,Under 231.5
18446967,2025-11-10,Spread,WAS @ DET,DET -3.5,DET -2.7,0.8012337967360366,WAS +3.5
18446967,2025-11-10,Total,WAS @ DET,274.5,271.9,-2.580725267913465,Under 274.5
18446968,2025-11-10,Spread,POR @ ORL,ORL -1.5,ORL -3.1,-1.5765578778755729,ORL -1.5
18446968,2025-11-10,Total,POR @ ORL,245.5,242.2,-3.316341683331899,Under 245.5
18446969,2025-11-10,Spread,CLE @ MIA,MIA -5.5,MIA -3.1,2.4356077638281355,CLE +5.5
18446969,2025-11-10,Total,CLE @ MIA,238.5,268.8,30.31721636286312,Over 238.5
18446970,2025-11-10,Spread,SAS @ CHI,CHI +5.5,CHI +4.6,-0.8742229271325943,CHI +5.5
18446970,2025-11-10,Total,SAS @ CHI,239.5,237.8,-1.7121710527013363,Under 239.5
18446971,2025-11-10,Spread,MIL @ DAL,DAL +2.5,DAL +2.2,-0.28781097763993824,DAL +2.5
18446971,2025-11-10,Total,MIL @ DAL,230.5,226.3,-4.182655235646195,Under 230.5
18446972,2025-11-10,Spread,NOP @ PHX,PHX -23.5,PHX -23.4,0.09406699549282393,NOP +23.5
18446972,2025-11-10,Total,NOP @ PHX,223.5,219.6,-3.9372728630639244,Under 223.5
18446973,2025-11-10,Spread,MIN @ UTA,UTA +8.5,UTA +6.9,-1.613035455284928,UTA +8.5
18446973,2025-11-10,Total,MIN @ UTA,231.5,231.0,-0.535728143261025,Under 231.5
18446974,2025-11-10,Spread,ATL @ LAC,LAC +3.5,LAC +3.5,-0.025597646603465307,LAC +3.5
18446974,2025-11-10,Total,ATL @ LAC,206.5,207.7,1.2277998693886047,Over 206.5
18446975,2025-11-11,Spread,TOR @ BKN,BKN +10.5,BKN +9.1,-1.3787378393408325,BKN +10.5
18446975,2025-11-11,Total,TOR @ BKN,228.5,227.5,-0.9685893674980832,Under 228.5
18446976,2025-11-11,Spread,MEM @ NYK,NYK -13.5,NYK -15.5,-2.0220852292862332,NYK -13.5
18446976,2025-11-11,Total,MEM @ NYK,254.5,253.2,-1.3031795247662785,Under 254.5
18446977,2025-11-11,Spread,BOS @ PHI,PHI -1.5,PHI -2.8,-1.3256614585684172,PHI -1.5
18446977,2025-11-11,Total,BOS @ PHI,207.5,209.9,2.4092521972798977,Over 207.5
18446978,2025-11-11,Spread,GSW @ OKC,OKC -23.5,OKC -25.8,-2.2507753365717242,OKC -23.5
18446978,2025-11-11,Total,GSW @ OKC,228.5,228.0,-0.48112922926074475,Under 228.5
18446979,2025-11-11,Spread,IND @ UTA,UTA -23.5,UTA -23.5,0.03880727783079507,IND +23.5
18446979,2025-11-11,Total,IND @ UTA,277.5,278.2,0.6784999146357791,Over 277.5
18446980,2025-11-11,Spread,DEN @ SAC,SAC +11.5,SAC +13.0,1.5168746938431088,DEN -11.5
18446980,2025-11-11,Total,DEN @ SAC,231.5,231.8,0.2560421660980978,Over 231.5
18446981,2025-11-12,Spread,MIL @ CHA,CHA -11.5,CHA -11.2,0.32768390647159684,MIL +11.5
18446981,2025-11-12,Total,MIL @ CHA,213.5,212.4,-1.091361986049975,Under 213.5
18446982,2025-11-12,Spread,CHI @ DET,DET -10.5,DET -11.0,-0.4750576614295863,DET -10.5
18446982,2025-11-12,Total,CHI @ DET,235.5,236.0,0.4628769053400674,Over 235.5
18446983,2025-11-12,Spread,ORL @ NYK,NYK +15.5,NYK +13.1,-2.425275505830797,NYK +15.5
18446983,2025-11-12,Total,ORL @ NYK,227.5,229.9,2.4183029738058224,Over 227.5
18446984,2025-11-12,Spread,MEM @ BOS,BOS -30.5,BOS -34.2,-3.707090556483365,BOS -30.5
18446984,2025-11-12,Total,MEM @ BOS,219.5,224.9,5.353901117770391,Over 219.5
18446985,2025-11-12,Spread,CLE @ MIA,MIA +14.5,MIA +14.0,-0.4841085680321999,MIA +14.5
18446985,2025-11-12,Total,CLE @ MIA,245.5,246.3,0.8320505772338151,Over 245.5
18446986,2025-11-12,Spread,WAS @ HOU,HOU -22.5,HOU -23.4,-0.9332750040086211,HOU -22.5
18446986,2025-11-12,Total,WAS @ HOU,248.5,247.6,-0.9199132434543174,Under 248.5
18446987,2025-11-12,Spread,POR @ NOP,NOP +8.5,NOP +8.2,-0.2684155312677845,NOP +8.5
18446987,2025-11-12,Total,POR @ NOP,243.5,241.5,-2.0493369477610486,Under 243.5
18446988,2025-11-12,Spread,GSW @ SAS,SAS -2.5,SAS +1.0,3.4988848473103182,GSW +2.5
18446988,2025-11-12,Total,GSW @ SAS,234.5,248.5,14.031329233119209,Over 234.5
18446989,2025-11-12,Spread,PHX @ DAL,DAL +8.5,DAL +8.7,0.21448895763982634,PHX -8.5
18446989,2025-11-12,Total,PHX @ DAL,238.5,236.9,-1.5703600603651182,Under 238.5
18446990,2025-11-12,Spread,LAL @ OKC,OKC -30.5,OKC -32.8,-2.3153527157455756,OKC -30.5
18446990,2025-11-12,Total,LAL @ OKC,208.5,206.2,-2.3367779181958213,Under 208.5
18446991,2025-11-12,Spread,ATL @ SAC,SAC +32.5,SAC +33.0,0.5443664643924251,ATL -32.5
18446991,2025-11-12,Total,ATL @ SAC,234.5,233.5,-1.0391242742966824,Under 234.5
18446992,2025-11-12,Spread,DEN @ LAC,LAC +14.5,LAC +14.8,0.3428577882332462,DEN -14.5
18446992,2025-11-12,Total,DEN @ LAC,250.5,244.5,-6.035846336867337,Under 250.5
18446993,2025-11-13,Spread,TOR @ CLE,CLE +12.5,CLE +13.3,0.7874231566240777,TOR -12.5
18446993,2025-11-13,Total,TOR @ CLE,242.5,240.0,-2.4954015060282018,Under 242.5
18446994,2025-11-13,Spread,IND @ PHX,PHX -34.5,PHX -35.0,-0.5276765094666942,PHX -34.5
18446994,2025-11-13,Total,IND @ PHX,235.5,231.2,-4.321973375749337,Under 235.5
18446995,2025-11-13,Spread,ATL @ UTA,UTA +9.5,UTA +10.0,0.4914540693490572,ATL -9.5
18446995,2025-11-13,Total,ATL @ UTA,259.5,252.9,-6.605245209812125,Under 259.5
18446996,2025-11-14,Spread,MIA @ NYK,NYK -8.5,NYK -8.0,0.4632513161803171,MIA +8.5
18446996,2025-11-14,Total,MIA @ NYK,271.5,271.8,0.29848895998321723,Over 271.5
18446997,2025-11-14,Spread,BKN @ ORL,ORL -7.5,ORL -6.8,0.6977693965126619,BKN +7.5
18446997,2025-11-14,Total,BKN @ ORL,208.5,197.7,-10.795087197106739,Under 208.5
18446998,2025-11-14,Spread,PHI @ DET,DET -8.5,DET -9.3,-0.7542790726439179,DET -8.5
18446998,2025-11-14,Total,PHI @ DET,224.5,218.2,-6.320662036134536,Under 224.5
18446999,2025-11-14,Spread,POR @ HOU,HOU -24.5,HOU -24.4,0.0948347940455676,POR +24.5
18446999,2025-11-14,Total,POR @ HOU,255.5,255.7,0.22121109536001882,Over 255.5
18447000,2025-11-14,Spread,CHA @ MIL,MIL -11.5,MIL -13.3,-1.7674648789367957,MIL -11.5
18447000,2025-11-14,Total,CHA @ MIL,283.5,278.8,-4.710708177980393,Under 283.5
18447001,2025-11-14,Spread,SAC @ MIN,MIN -14.5,MIN -13.6,0.9239989223201448,SAC +14.5
18447001,2025-11-14,Total,SAC @ MIN,234.5,233.8,-0.673867046308203,Under 234.5
18447002,2025-11-14,Spread,LAL @ NOP,NOP +17.5,NOP +14.4,-3.1125022659521324,NOP +17.5
18447002,2025-11-14,Total,LAL @ NOP,223.5,222.2,-1.316716029800176,Under 223.5
18447003,2025-11-14,Spread,LAC @ DAL,DAL +7.5,DAL +6.5,-0.9817190754189156,DAL +7.5
18447003,2025-11-14,Total,LAC @ DAL,270.5,262.7,-7.846457289067132,Under 270.5
18447004,2025-11-14,Spread,GSW @ SAS,SAS -1.5,SAS +0.7,2.181991840246555,GSW +1.5
18447004,2025-11-14,Total,GSW @ SAS,217.5,244.5,27.004741757265094,Over 217.5
18447005,2025-11-15,Spread,MEM @ CLE,CLE -7.5,CLE -7.9,-0.4274032161972796,CLE -7.5
18447005,2025-11-15,Total,MEM @ CLE,218.5,210.3,-8.15485590484164,Under 218.5
18447006,2025-11-15,Spread,OKC @ CHA,CHA +13.5,CHA +13.7,0.22587105988247558,OKC -13.5
18447006,2025-11-15,Total,OKC @ CHA,207.5,194.9,-12.565813039465525,Under 207.5
18447007,2025-11-15,Spread,TOR @ IND,IND +18.5,IND +18.1,-0.4424178472879312,IND +18.5
18447007,2025-11-15,Total,TOR @ IND,236.5,240.2,3.7302252527315716,Over 236.5
18447008,2025-11-15,Spread,LAL @ MIL,MIL +24.5,MIL +23.8,-0.7167304861111994,MIL +24.5
18447008,2025-11-15,Total,LAL @ MIL,214.5,211.2,-3.2564426439854515,Under 214.5
18447009,2025-11-15,Spread,DEN @ MIN,MIN +11.5,MIN +11.1,-0.36618616284370553,MIN +11.5
18447009,2025-11-15,Total,DEN @ MIN,238.5,234.3,-4.151411245549582,Under 238.5
18447010,2025-11-16,Spread,LAC @ BOS,BOS -2.5,BOS -2.7,-0.19884003773922032,BOS -2.5
18447010,2025-11-16,Total,LAC @ BOS,233.5,237.8,4.334968231433066,Over 233.5
18447011,2025-11-16,Spread,SAC @ SAS,SAS -12.5,SAS -12.9,-0.36639616802092334,SAS -12.5
18447011,2025-11-16,Total,SAC @ SAS,233.5,231.3,-2.2303726813972844,Under 233.5
18447012,2025-11-16,Spread,BKN @ WAS,WAS +19.5,WAS +20.1,0.6228439303233202,BKN -19.5
18447012,2025-11-16,Total,BKN @ WAS,235.5,235.0,-0.5245765248057523,Under 235.5
18447013,2025-11-16,Spread,ORL @ HOU,HOU -2.5,HOU -3.9,-1.444517005260134,HOU -2.5
18447013,2025-11-16,Total,ORL @ HOU,204.5,212.2,7.654404439391044,Over 204.5
18447014,2025-11-16,Spread,GSW @ NOP,NOP +20.5,NOP +18.0,-2.464980833209637,NOP +20.5
18447014,2025-11-16,Total,GSW @ NOP,226.5,228.3,1.7914250342142282,Over 226.5
18447015,2025-11-16,Spread,POR @ DAL,DAL -3.5,DAL -4.9,-1.4071427519861617,DAL -3.5
18447015,2025-11-16,Total,POR @ DAL,270.5,271.6,1.0840712247915576,Over 270.5
18447016,2025-11-16,Spread,ATL @ PHX,PHX +3.5,PHX +0.9,-2.6103715051901712,PHX +3.5
18447016,2025-11-16,Total,ATL @ PHX,241.5,242.6,1.104101658991084,Over 241.5
18447017,2025-11-16,Spread,CHI @ UTA,UTA -1.5,UTA -2.4,-0.9053393996340295,UTA -1.5
18447017,2025-11-16,Total,CHI @ UTA,296.5,295.2,-1.279579758114096,Under 296.5
18447018,2025-11-17,Spread,MIL @ CLE,CLE -14.5,CLE -12.1,2.392748850330415,MIL +14.5
18447018,2025-11-17,Total,MIL @ CLE,226.5,225.0,-1.5039934288316488,Under 226.5
18447019,2025-11-17,Spread,IND @ DET,DET -14.5,DET -14.9,-0.35447739734275174,DET -14.5
18447019,2025-11-17,Total,IND @ DET,240.5,239.1,-1.3512639142600165,Under 240.5
18447020,2025-11-17,Spread,LAC @ PHI,PHI -2.5,PHI -2.1,0.4163680294637917,LAC +2.5
18447020,2025-11-17,Total,LAC @ PHI,224.5,215.1,-9.448893374046634,Under 224.5
18447021,2025-11-17,Spread,NYK @ MIA,MIA -1.5,MIA -1.7,-0.19924472048218922,MIA -1.5
18447021,2025-11-17,Total,NYK @ MIA,247.5,233.0,-14.50842347933343,Under 247.5
18447022,2025-11-17,Spread,CHA @ TOR,TOR -1.5,TOR -1.8,-0.2738334464307379,TOR -1.5
18447022,2025-11-17,Total,CHA @ TOR,218.5,211.5,-6.952615382171814,Under 218.5
18447023,2025-11-17,Spread,DAL @ MIN,MIN -21.5,MIN -23.8,-2.251595801716501,MIN -21.5
18447023,2025-11-17,Total,DAL @ MIN,216.5,215.9,-0.5710475409222511,Under 216.5
18447024,2025-11-17,Spread,OKC @ NOP,NOP +19.5,NOP +17.4,-2.133873109428908,NOP +19.5
18447024,2025-11-17,Total,OKC @ NOP,233.5,234.0,0.5305153807806278,Over 233.5
18447025,2025-11-17,Spread,CHI @ DEN,DEN -1.5,DEN -3.4,-1.874413689514805,DEN -1.5
18447025,2025-11-17,Total,CHI @ DEN,250.5,270.9,20.43618694270492,Over 250.5
18447026,2025-11-18,Spread,GSW @ ORL,ORL -8.5,ORL -8.4,0.06103128420083337,GSW +8.5
18447026,2025-11-18,Total,GSW @ ORL,234.5,233.5,-1.02825422038606,Under 234.5
18447027,2025-11-18,Spread,BOS @ BKN,BKN +15.5,BKN +15.4,-0.12641162370969994,BKN +15.5
18447027,2025-11-18,Total,BOS @ BKN,211.5,204.9,-6.616501346995392,Under 211.5
18447028,2025-11-18,Spread,DET @ ATL,ATL +7.5,ATL +8.1,0.5885746915510577,DET -7.5
18447028,2025-11-18,Total,DET @ ATL,225.5,233.1,7.592796954622855,Over 225.5
18447029,2025-11-18,Spread,MEM @ SAS,SAS -5.5,SAS -8.8,-3.2922210811676305,SAS -5.5
18447029,2025-11-18,Total,MEM @ SAS,216.5,212.0,-4.5157805209452135,Under 216.5
18447030,2025-11-18,Spread,UTA @ LAL,LAL -13.5,LAL -14.5,-1.011753169364649,LAL -13.5
18447030,2025-11-18,Total,UTA @ LAL,267.5,266.5,-1.003115339356782,Under 267.5
18447031,2025-11-18,Spread,PHX @ POR,POR +17.5,POR +17.1,-0.3563303956626953,POR +17.5
18447031,2025-11-18,Total,PHX @ POR,241.5,239.0,-2.478807029837526,Under 241.5
18447032,2025-11-19,Spread,HOU @ CLE,CLE +9.5,CLE +10.3,0.8118673411004558,HOU -9.5
18447032,2025-11-19,Total,HOU @ CLE,214.5,214.6,0.1302702324061613,Over 214.5
18447033,2025-11-19,Spread,CHA @ IND,IND -9.5,IND -9.2,0.2857508368930972,CHA +9.5
18447033,2025-11-19,Total,CHA @ IND,246.5,245.4,-1.1411267555481857,Under 246.5
18447034,2025-11-19,Spread,GSW @ MIA,MIA -14.5,MIA -13.9,0.6180721854792033,GSW +14.5
18447034,2025-11-19,Total,GSW @ MIA,208.5,203.5,-5.048371272462134,Under 208.5
18447035,2025-11-19,Spread,TOR @ PHI,PHI +8.5,PHI +9.2,0.6586995085293594,TOR -8.5
18447035,2025-11-19,Total,TOR @ PHI,235.5,233.3,-2.1549744582679295,Under 235.5
18447036,2025-11-19,Spread,WAS @ MIN,MIN -11.5,MIN -11.4,0.1434221210914064,WAS +11.5
18447036,2025-11-19,Total,WAS @ MIN,230.5,229.1,-1.38330264796366,Under 230.5
18447037,2025-11-19,Spread,DEN @ NOP,NOP +7.5,NOP +7.4,-0.13138610198470246,NOP +7.5
18447037,2025-11-19,Total,DEN @ NOP,240.5,243.5,2.952668579786234,Over 240.5
18447038,2025-11-19,Spread,SAC @ OKC,OKC -14.5,OKC -16.6,-2.1165955791058693,OKC -14.5
18447038,2025-11-19,Total,SAC @ OKC,214.5,213.1,-1.3908534963089778,Under 214.5
18447039,2025-11-19,Spread,NYK @ DAL,DAL +1.5,DAL +2.5,1.0305668742766998,NYK -1.5
18447039,2025-11-19,Total,NYK @ DAL,226.5,220.4,-6.059905835553224,Under 226.5
18447040,2025-11-19,Spread,CHI @ POR,POR -2.5,POR +0.6,3.148632220181404,CHI +2.5
18447040,2025-11-19,Total,CHI @ POR,241.5,238.1,-3.35163886742302,Under 241.5
18447041,2025-11-20,Spread,LAC @ ORL,ORL -27.5,ORL -28.5,-0.9785316787210974,ORL -27.5
18447041,2025-11-20,Total,LAC @ ORL,229.5,229.3,-0.1914034331082064,Under 229.5
18447042,2025-11-20,Spread,SAC @ MEM,MEM -44.5,MEM -41.7,2.751952839196967,SAC +44.5
18447042,2025-11-20,Total,SAC @ MEM,233.5,233.3,-0.16717132953576197,Under 233.5
18447043,2025-11-20,Spread,PHI @ MIL,MIL +8.5,MIL +8.3,-0.21594369072305142,MIL +8.5
18447043,2025-11-20,Total,PHI @ MIL,238.5,236.3,-2.163936046231669,Under 238.5
18447044,2025-11-20,Spread,ATL @ SAS,SAS -10.5,SAS -9.3,1.1716595862041768,ATL +10.5
18447044,2025-11-20,Total,ATL @ SAS,259.5,260.2,0.7327139653823451,Over 259.5
18447045,2025-11-21,Spread,IND @ CLE,CLE -13.5,CLE -11.3,2.1824759443402684,IND +13.5
18447045,2025-11-21,Total,IND @ CLE,232.5,230.3,-2.1866887385104974,Under 232.5
18447046,2025-11-21,Spread,BKN @ BOS,BOS +8.5,BOS +8.1,-0.44052825057772615,BOS +8.5
18447046,2025-11-21,Total,BKN @ BOS,221.5,217.5,-3.987257731250594,Under 221.5
18447047,2025-11-21,Spread,WAS @ TOR,TOR -29.5,TOR -29.5,-0.028115168820267655,TOR -29.5
18447047,2025-11-21,Total,WAS @ TOR,245.5,248.4,2.8688094168794294,Over 245.5
18447048,2025-11-21,Spread,MIA @ CHI,CHI +38.5,CHI +36.2,-2.340820106142033,CHI +38.5
18447048,2025-11-21,Total,MIA @ CHI,247.5,249.6,2.135931218426947,Over 247.5
18447049,2025-11-21,Spread,NOP @ DAL,DAL -3.5,DAL -2.0,1.548564765715334,NOP +3.5
18447049,2025-11-21,Total,NOP @ DAL,238.5,234.4,-4.146134005381413,Under 238.5
18447050,2025-11-21,Spread,MIN @ PHX,PHX +3.5,PHX +0.1,-3.388799020224094,PHX +3.5
18447050,2025-11-21,Total,MIN @ PHX,229.5,230.3,0.8469045430981623,Over 229.5
18447051,2025-11-21,Spread,DEN @ HOU,HOU +2.5,HOU +2.6,0.14812643716318163,DEN -2.5
18447051,2025-11-21,Total,DEN @ HOU,213.5,207.2,-6.315980568442967,Under 213.5
18447052,2025-11-21,Spread,OKC @ UTA,UTA +31.5,UTA +32.1,0.5784026938408289,OKC -31.5
18447052,2025-11-21,Total,OKC @ UTA,261.5,258.9,-2.639087566474416,Under 261.5
18447053,2025-11-21,Spread,POR @ GSW,GSW +2.5,GSW +3.7,1.2362705584847622,POR -2.5
18447053,2025-11-21,Total,POR @ GSW,248.5,248.3,-0.1705989014996021,Under 248.5
18447054,2025-11-22,Spread,LAC @ CHA,CHA +16.5,CHA +15.4,-1.1346889631339554,CHA +16.5
18447054,2025-11-22,Total,LAC @ CHA,249.5,246.6,-2.9183238812950947,Under 249.5
18447055,2025-11-22,Spread,NYK @ ORL,ORL -1.5,ORL -7.8,-6.258793987202216,ORL -1.5
18447055,2025-11-22,Total,NYK @ ORL,230.5,252.7,22.201168348208142,Over 230.5
18447056,2025-11-22,Spread,ATL @ NOP,NOP +9.5,NOP +12.4,2.935803362654074,ATL -9.5
18447056,2025-11-22,Total,ATL @ NOP,231.5,210.9,-20.64352234639756,Under 231.5
18447057,2025-11-22,Spread,WAS @ CHI,CHI -12.5,CHI -9.0,3.4552460866433403,WAS +12.5
18447057,2025-11-22,Total,WAS @ CHI,244.5,242.8,-1.6680059283209516,Under 244.5
18447058,2025-11-22,Spread,DET @ MIL,MIL +8.5,MIL +10.4,1.8658800663637596,DET -8.5
18447058,2025-11-22,Total,DET @ MIL,223.5,245.4,21.894348314600165,Over 223.5
18447059,2025-11-22,Spread,MEM @ DAL,DAL -1.5,DAL +1.9,3.3516413580629614,MEM +1.5
18447059,2025-11-22,Total,MEM @ DAL,229.5,229.8,0.2809523002531762,Over 229.5
18447060,2025-11-22,Spread,SAC @ DEN,DEN +4.5,DEN +5.3,0.7573711191700117,SAC -4.5
18447060,2025-11-22,Total,SAC @ DEN,246.5,247.6,1.1113532038895073,Over 246.5
18447061,2025-11-23,Spread,MIA @ PHI,PHI +11.5,PHI +9.9,-1.6463843364347248,PHI +11.5
18447061,2025-11-23,Total,MIA @ PHI,244.5,244.7,0.2464353649033626,Over 244.5
18447062,2025-11-23,Spread,CHA @ ATL,ATL -3.5,ATL -2.9,0.5967633432931838,CHA +3.5
18447062,2025-11-23,Total,CHA @ ATL,224.5,224.2,-0.2711634988677645,Under 224.5
18447063,2025-11-23,Spread,ORL @ BOS,BOS -9.5,BOS -9.2,0.27137088235765106,ORL +9.5
18447063,2025-11-23,Total,ORL @ BOS,267.5,267.6,0.14845890346475699,Over 267.5
18447064,2025-11-23,Spread,LAC @ CLE,CLE -14.5,CLE -14.8,-0.28654194073823724,CLE -14.5
18447064,2025-11-23,Total,LAC @ CLE,227.5,224.2,-3.337239750600787,Under 227.5
18447065,2025-11-23,Spread,BKN @ TOR,TOR -10.5,TOR -9.0,1.4969225242475197,BKN +10.5
18447065,2025-11-23,Total,BKN @ TOR,227.5,230.8,3.2641442911667014,Over 227.5
18447066,2025-11-23,Spread,POR @ OKC,OKC -30.5,OKC -32.7,-2.179134498950532,OKC -30.5
18447066,2025-11-23,Total,POR @ OKC,214.5,219.7,5.168301436880682,Over 214.5
18447067,2025-11-23,Spread,SAS @ PHX,PHX -8.5,PHX -9.2,-0.6794277424345943,PHX -8.5
18447067,2025-11-23,Total,SAS @ PHX,217.5,212.8,-4.652401694492795,Under 217.5
18447068,2025-11-23,Spread,LAL @ UTA,UTA +6.5,UTA +4.7,-1.798892285045758,UTA +6.5
18447068,2025-11-23,Total,LAL @ UTA,216.5,214.1,-2.3961233505235384,Under 216.5
18447069,2025-11-24,Spread,DET @ IND,IND +6.5,IND +5.0,-1.4703931740571239,IND +6.5
18447069,2025-11-24,Total,DET @ IND,239.5,240.2,0.6509864802781351,Over 239.5
18447070,2025-11-24,Spread,CLE @ TOR,TOR -8.5,TOR -10.9,-2.3669435812249304,TOR -8.5
18447070,2025-11-24,Total,CLE @ TOR,220.5,210.7,-9.831481022185926,Under 220.5
18447071,2025-11-24,Spread,NYK @ BKN,BKN +13.5,BKN +12.9,-0.5548415743195463,BKN +13.5
18447071,2025-11-24,Total,NYK @ BKN,219.5,214.4,-5.067005153791428,Under 219.5
18447072,2025-11-24,Spread,DAL @ MIA,MIA -4.5,MIA -4.4,0.08526872745434577,DAL +4.5
18447072,2025-11-24,Total,DAL @ MIA,213.5,217.5,3.9910467589315886,Over 213.5
18447073,2025-11-24,Spread,DEN @ MEM,MEM +9.5,MEM +10.2,0.7086856495797349,DEN -9.5
18447073,2025-11-24,Total,DEN @ MEM,240.5,239.6,-0.8857948206848221,Under 240.5
18447074,2025-11-24,Spread,POR @ MIL,MIL +14.5,MIL +11.7,-2.809832013988883,MIL +14.5
18447074,2025-11-24,Total,POR @ MIL,220.5,213.9,-6.618327903912075,Under 220.5
18447075,2025-11-24,Spread,CHI @ NOP,NOP -11.5,NOP -12.8,-1.3248481314963403,NOP -11.5
18447075,2025-11-24,Total,CHI @ NOP,275.5,275.3,-0.24917303137249291,Under 275.5
18447076,2025-11-24,Spread,HOU @ PHX,PHX +20.5,PHX +21.4,0.8695708778644864,HOU -20.5
18447076,2025-11-24,Total,HOU @ PHX,208.5,201.5,-6.990759896649081,Under 208.5
18447077,2025-11-24,Spread,UTA @ GSW,GSW -18.5,GSW -17.0,1.5288443155601001,UTA +18.5
18447077,2025-11-24,Total,UTA @ GSW,251.5,250.6,-0.8991851437489515,Under 251.5
18447078,2025-11-24,Spread,MIN @ SAC,SAC -3.5,SAC -4.6,-1.1132595382009374,SAC -3.5
18447078,2025-11-24,Total,MIN @ SAC,223.5,228.1,4.600995679040324,Over 223.5
18447079,2025-11-25,Spread,ATL @ WAS,WAS -23.5,WAS -20.8,2.7221572785421415,ATL +23.5
18447079,2025-11-25,Total,ATL @ WAS,251.5,246.5,-5.036290547141334,Under 251.5
18447080,2025-11-25,Spread,ORL @ PHI,PHI +39.5,PHI +40.9,1.4043179662488114,ORL -39.5
18447080,2025-11-25,Total,ORL @ PHI,247.5,247.2,-0.3317714418163007,Under 247.5
18447081,2025-11-25,Spread,LAC @ LAL,LAL -16.5,LAL -17.0,-0.5454355831661424,LAL -16.5
18447081,2025-11-25,Total,LAC @ LAL,255.5,255.5,-0.003989510406483987,Under 255.5
18447082,2025-11-26,Spread,DET @ BOS,BOS -2.5,BOS -2.7,-0.21077576095927109,BOS -2.5
18447082,2025-11-26,Total,DET @ BOS,224.5,228.4,3.9004762376378608,Over 224.5
18447083,2025-11-26,Spread,NYK @ CHA,CHA +24.5,CHA +26.6,2.1442292208922957,NYK -24.5
18447083,2025-11-26,Total,NYK @ CHA,222.5,227.8,5.334115439800911,Over 222.5
18447084,2025-11-26,Spread,MIL @ MIA,MIA -6.5,MIA -5.5,1.038833607702978,MIL +6.5
18447084,2025-11-26,Total,MIL @ MIA,212.5,208.2,-4.303388916471846,Under 212.5
18447085,2025-11-26,Spread,IND @ TOR,TOR -3.5,TOR -1.7,1.8050382131520089,IND +3.5
18447085,2025-11-26,Total,IND @ TOR,202.5,196.5,-6.0021382789659015,Under 202.5
18447086,2025-11-26,Spread,MIN @ OKC,OKC -7.5,OKC -9.9,-2.362953247379904,OKC -7.5
18447086,2025-11-26,Total,MIN @ OKC,220.5,219.1,-1.3811783797055739,Under 220.5
18447087,2025-11-26,Spread,MEM @ NOP,NOP -1.5,NOP +1.8,3.331128502958885,MEM +1.5
18447087,2025-11-26,Total,MEM @ NOP,247.5,272.1,24.598968357021647,Over 247.5
18447088,2025-11-26,Spread,HOU @ GSW,GSW +3.5,GSW +3.3,-0.17441462292426113,GSW +3.5
18447088,2025-11-26,Total,HOU @ GSW,201.5,200.6,-0.8667506908370228,Under 201.5
18447089,2025-11-26,Spread,SAS @ POR,POR +12.5,POR +12.8,0.34688728825876325,SAS -12.5
18447089,2025-11-26,Total,SAS @ POR,223.5,219.0,-4.498339685473866,Under 223.5
18447090,2025-11-26,Spread,PHX @ SAC,SAC +11.5,SAC +12.5,1.0359757389402269,PHX -11.5
18447090,2025-11-26,Total,PHX @ SAC,216.5,215.0,-1.470918018029323,Under 216.5
18447091,2025-11-28,Spread,CLE @ ATL,ATL -8.5,ATL -7.1,1.4012345821792964,CLE +8.5
18447091,2025-11-28,Total,CLE @ ATL,259.5,253.0,-6.52751956265314,Under 259.5
18447092,2025-11-28,Spread,PHI @ BKN,BKN +10.5,BKN +11.1,0.6182848429520007,PHI -10.5
18447092,2025-11-28,Total,PHI @ BKN,214.5,210.2,-4.2803711253231995,Under 214.5
18447093,2025-11-28,Spread,CHI @ CHA,CHA -6.5,CHA -6.6,-0.05188940036065404,CHA -6.5
18447093,2025-11-28,Total,CHI @ CHA,241.5,239.9,-1.6476742792388848,Under 241.5
18447094,2025-11-28,Spread,ORL @ DET,DET +1.5,DET +2.8,1.2744328084003098,ORL -1.5
18447094,2025-11-28,Total,ORL @ DET,227.5,219.8,-7.66404988958638,Under 227.5
18447095,2025-11-28,Spread,WAS @ IND,IND -32.5,IND -32.2,0.30072266334891395,WAS +32.5
18447095,2025-11-28,Total,WAS @ IND,211.5,199.2,-12.290112416773297,Under 211.5
18447096,2025-11-28,Spread,MIL @ NYK,NYK -8.5,NYK -8.5,-0.04024496341605577,NYK -8.5
18447096,2025-11-28,Total,MIL @ NYK,230.5,227.8,-2.6673793377069046,Under 230.5
18447097,2025-11-28,Spread,PHX @ OKC,OKC -14.5,OKC -15.8,-1.3190052013555267,OKC -14.5
18447097,2025-11-28,Total,PHX @ OKC,226.5,239.0,12.523154973371675,Over 226.5
18447098,2025-11-28,Spread,SAS @ DEN,DEN +5.5,DEN +3.1,-2.3515959983493215,DEN +5.5
18447098,2025-11-28,Total,SAS @ DEN,263.5,271.4,7.918135274288147,Over 263.5
18447099,2025-11-28,Spread,SAC @ UTA,UTA -11.5,UTA -9.3,2.2459526304741946,SAC +11.5
18447099,2025-11-28,Total,SAC @ UTA,231.5,242.4,10.945725704924968,Over 231.5
18447100,2025-11-28,Spread,DAL @ LAL,LAL -11.5,LAL -10.4,1.082177067702288,DAL +11.5
18447100,2025-11-28,Total,DAL @ LAL,251.5,247.2,-4.315544757082989,Under 251.5
18447101,2025-11-28,Spread,MEM @ LAC,LAC +7.5,LAC +5.2,-2.318850631387117,LAC +7.5
18447101,2025-11-28,Total,MEM @ LAC,219.5,218.9,-0.551400307706956,Under 219.5
18447102,2025-11-29,Spread,BOS @ MIN,MIN -1.5,MIN -0.4,1.0567673879215091,BOS +1.5
18447102,2025-11-29,Total,BOS @ MIN,231.5,231.3,-0.17962332181042484,Under 231.5
18447103,2025-11-29,Spread,TOR @ CHA,CHA -4.5,CHA -6.6,-2.0653254705117323,CHA -4.5
18447103,2025-11-29,Total,TOR @ CHA,231.5,229.5,-1.99188743944066,Under 231.5
18447104,2025-11-29,Spread,CHI @ IND,IND +1.5,IND -1.8,-3.2821730609442135,IND +1.5
18447104,2025-11-29,Total,CHI @ IND,209.5,229.8,20.264105626298743,Over 209.5
18447105,2025-11-29,Spread,DET @ MIA,MIA +5.5,MIA +3.4,-2.095469212192441,MIA +5.5
18447105,2025-11-29,Total,DET @ MIA,271.5,270.4,-1.0983212174465962,Under 271.5
18447106,2025-11-29,Spread,BKN @ MIL,MIL -21.5,MIL -22.0,-0.5210692832183526,MIL -21.5
18447106,2025-11-29,Total,BKN @ MIL,214.5,218.3,3.8009394749233536,Over 214.5
18447107,2025-11-29,Spread,NOP @ GSW,GSW -10.5,GSW -11.2,-0.6620300641769212,GSW -10.5
18447107,2025-11-29,Total,NOP @ GSW,192.5,236.5,43.96458870489744,Over 192.5
18447108,2025-11-29,Spread,DEN @ PHX,PHX +13.5,PHX +16.3,2.8369800350936103,DEN -13.5
18447108,2025-11-29,Total,DEN @ PHX,245.5,243.3,-2.2124999705281994,Under 245.5
18447109,2025-11-29,Spread,DAL @ LAC,LAC +3.5,LAC +4.1,0.6436181045192981,DAL -3.5
18447109,2025-11-29,Total,DAL @ LAC,219.5,224.2,4.69097387123324,Over 219.5
18447110,2025-11-30,Spread,HOU @ UTA,UTA +11.5,UTA +16.3,4.817033266115999,HOU -11.5
18447110,2025-11-30,Total,HOU @ UTA,233.5,231.1,-2.3974399930999652,Under 233.5
18447111,2025-11-30,Spread,BOS @ CLE,CLE +4.5,CLE +4.3,-0.17006787192245554,CLE +4.5
18447111,2025-11-30,Total,BOS @ CLE,231.5,231.8,0.29524226005023024,Over 231.5
18447112,2025-11-30,Spread,TOR @ NYK,NYK -19.5,NYK -21.7,-2.244095639419058,NYK -19.5
18447112,2025-11-30,Total,TOR @ NYK,211.5,203.5,-7.982899152456923,Under 211.5
18447113,2025-11-30,Spread,ATL @ PHI,PHI +6.5,PHI +7.8,1.3279792978650153,ATL -6.5
18447113,2025-11-30,Total,ATL @ PHI,278.5,277.6,-0.8646964731464664,Under 278.5
18447114,2025-11-30,Spread,OKC @ POR,POR +8.5,POR +8.0,-0.4555350836855361,POR +8.5
18447114,2025-11-30,Total,OKC @ POR,236.5,238.8,2.344430343253947,Over 236.5
18447115,2025-11-30,Spread,SAS @ MIN,MIN -13.5,MIN -13.0,0.5400409001760167,SAS +13.5
18447115,2025-11-30,Total,SAS @ MIN,242.5,238.0,-4.521252386527038,Under 242.5
18447116,2025-11-30,Spread,MEM @ SAC,SAC +7.5,SAC +8.0,0.5275533856896821,MEM -7.5
18447116,2025-11-30,Total,MEM @ SAC,225.5,222.5,-3.0077722863163388,Under 225.5
18447117,2025-11-30,Spread,NOP @ LAL,LAL -14.5,LAL -12.7,1.8410948673851237,NOP +14.5
18447117,2025-11-30,Total,NOP @ LAL,260.5,257.1,-3.3555896829255403,Under 260.5
18447118,2025-12-01,Spread,ATL @ DET,DET -5.5,DET -6.1,-0.5979627897477098,DET -5.5
18447118,2025-12-01,Total,ATL @ DET,199.5,237.6,38.142005430034544,Over 199.5
18447119,2025-12-01,Spread,CLE @ IND,IND +13.5,IND +15.7,2.1700418190578894,CLE -13.5
18447119,2025-12-01,Total,CLE @ IND,260.5,256.2,-4.265017955239443,Under 260.5
18447120,2025-12-01,Spread,MIL @ WAS,WAS +1.5,WAS -1.9,-3.3530320132838813,WAS +1.5
18447120,2025-12-01,Total,MIL @ WAS,251.5,258.2,6.698524687303291,Over 251.5
18447121,2025-12-01,Spread,CHA @ BKN,BKN -12.5,BKN -13.1,-0.610958080432713,BKN -12.5
18447121,2025-12-01,Total,CHA @ BKN,221.5,219.0,-2.5043646433603044,Under 221.5
18447122,2025-12-01,Spread,LAC @ MIA,MIA -13.5,MIA -15.8,-2.322548256657136,MIA -13.5
18447122,2025-12-01,Total,LAC @ MIA,261.5,264.1,2.606022831837379,Over 261.5
18447123,2025-12-01,Spread,CHI @ ORL,ORL -3.5,ORL -5.9,-2.362953247379904,ORL -3.5
18447123,2025-12-01,Total,CHI @ ORL,245.5,245.4,-0.08777145939916409,Under 245.5
18447124,2025-12-01,Spread,DAL @ DEN,DEN +7.5,DEN +7.1,-0.41743299277839707,DEN +7.5
18447124,2025-12-01,Total,DAL @ DEN,257.5,467.1,209.59709228368604,Over 257.5
18447125,2025-12-01,Spread,HOU @ UTA,UTA -6.5,UTA -7.5,-0.9993677705356401,UTA -6.5
18447125,2025-12-01,Total,HOU @ UTA,259.5,458.5,199.0147260966129,Over 259.5
18447126,2025-12-01,Spread,PHX @ LAL,LAL +16.5,LAL +17.4,0.8624227940626525,PHX -16.5
18447126,2025-12-01,Total,PHX @ LAL,231.5,428.5,197.02827687248543,Over 231.5
18447127,2025-12-02,Spread,WAS @ PHI,PHI -25.5,PHI -23.2,2.279010668174564,WAS +25.5
18447127,2025-12-02,Total,WAS @ PHI,225.5,224.8,-0.6557892255021613,Under 225.5
18447128,2025-12-02,Spread,POR @ TOR,TOR -4.5,TOR -2.8,1.6759016458236684,POR +4.5
18447128,2025-12-02,Total,POR @ TOR,239.5,240.0,0.526573812880315,Over 239.5
18447129,2025-12-02,Spread,NYK @ BOS,BOS -5.5,BOS -5.1,0.4225795631137421,NYK +5.5
18447129,2025-12-02,Total,NYK @ BOS,238.5,240.3,1.7694237630801126,Over 238.5
18447130,2025-12-02,Spread,MIN @ NOP,NOP -2.5,NOP +1.4,3.9441883217367155,MIN +2.5
18447130,2025-12-02,Total,MIN @ NOP,283.5,301.2,17.73334516843522,Over 283.5
18447131,2025-12-02,Spread,MEM @ SAS,SAS -6.5,SAS -6.7,-0.18219618228719803,SAS -6.5
18447131,2025-12-02,Total,MEM @ SAS,248.5,245.1,-3.4164463912012195,Under 248.5
18447132,2025-12-02,Spread,OKC @ GSW,GSW +11.5,GSW +12.7,1.2186491190964155,OKC -11.5
18447132,2025-12-02,Total,OKC @ GSW,240.5,237.9,-2.624987381756654,Under 240.5
18447133,2025-12-03,Spread,POR @ CLE,CLE +7.5,CLE +10.1,2.644343438351674,POR -7.5
18447133,2025-12-03,Total,POR @ CLE,236.5,232.5,-3.97827387570959,Under 236.5
18447134,2025-12-03,Spread,DEN @ IND,IND +14.5,IND +14.8,0.2579539275426477,DEN -14.5
18447134,2025-12-03,Total,DEN @ IND,259.5,255.8,-3.7259040380778288,Under 259.5
18447135,2025-12-03,Spread,SAS @ ORL,ORL +3.5,ORL +1.9,-1.5886787711038937,ORL +3.5
18447135,2025-12-03,Total,SAS @ ORL,225.5,230.1,4.590339497501986,Over 225.5
18447136,2025-12-03,Spread,LAC @ ATL,ATL +21.5,ATL +23.0,1.4932632414388571,LAC -21.5
18447136,2025-12-03,Total,LAC @ ATL,203.5,197.1,-6.391489274194157,Under 203.5
18447137,2025-12-03,Spread,CHA @ NYK,NYK -17.5,NYK -15.9,1.554576448880466,CHA +17.5
18447137,2025-12-03,Total,CHA @ NYK,221.5,222.2,0.7049008069459433,Over 221.5
18447138,2025-12-03,Spread,BKN @ CHI,CHI +12.5,CHI +13.0,0.4517115175768147,BKN -12.5
18447138,2025-12-03,Total,BKN @ CHI,220.5,218.5,-1.9840222352860053,Under 220.5
18447139,2025-12-03,Spread,SAC @ HOU,HOU -21.5,HOU -25.2,-3.6706488379571276,HOU -21.5
18447139,2025-12-03,Total,SAC @ HOU,221.5,217.6,-3.889408559169226,Under 221.5
18447140,2025-12-03,Spread,DET @ MIL,MIL -2.5,MIL -4.3,-1.785538474629428,MIL -2.5
18447140,2025-12-03,Total,DET @ MIL,226.5,219.9,-6.6006756471070105,Under 226.5
18447141,2025-12-03,Spread,MIA @ DAL,DAL -8.5,DAL -9.4,-0.8931538985391043,DAL -8.5
18447141,2025-12-03,Total,MIA @ DAL,231.5,225.4,-6.071408792456538,Under 231.5
18447142,2025-12-04,Spread,GSW @ PHI,PHI +1.5,PHI -0.3,-1.7787721840115616,PHI +1.5
18447142,2025-12-04,Total,GSW @ PHI,197.5,276.0,78.5221908158851,Over 197.5
18447143,2025-12-04,Spread,BOS @ WAS,WAS +37.5,WAS +40.3,2.8025121759577445,BOS -37.5
18447143,2025-12-04,Total,BOS @ WAS,250.5,246.6,-3.8591672009868603,Under 250.5
18447144,2025-12-04,Spread,UTA @ BKN,BKN +3.5,BKN +4.7,1.1651556942987469,UTA -3.5
18447144,2025-12-04,Total,UTA @ BKN,235.5,431.7,196.2090738115681,Over 235.5
18447145,2025-12-04,Spread,LAL @ TOR,TOR -1.5,TOR -0.7,0.7511651157091763,LAL +1.5
18447145,2025-12-04,Total,LAL @ TOR,248.5,451.5,202.95454736337604,Over 248.5
18447146,2025-12-04,Spread,MIN @ NOP,NOP +8.5,NOP +8.6,0.12490925844187295,MIN -8.5
18447146,2025-12-04,Total,MIN @ NOP,243.5,446.5,202.98509319862978,Over 243.5
18447147,2025-12-05,Spread,LAL @ BOS,BOS -24.5,BOS -22.1,2.41548881214543,LAL +24.5
18447147,2025-12-05,Total,LAL @ BOS,230.5,230.5,-0.020484534188483394,Under 230.5
18447148,2025-12-05,Spread,MIA @ ORL,ORL -5.5,ORL -6.3,-0.8100802086009802,ORL -5.5
18447148,2025-12-05,Total,MIA @ ORL,241.5,446.7,205.15948895815802,Over 241.5
18447149,2025-12-05,Spread,DEN @ ATL,ATL +4.5,ATL +2.3,-2.162086312269764,ATL +4.5
18447149,2025-12-05,Total,DEN @ ATL,264.5,268.0,3.518722146505297,Over 264.5
18447150,2025-12-05,Spread,SAS @ CLE,CLE -16.5,CLE -13.8,2.6894562314931285,SAS +16.5
18447150,2025-12-05,Total,SAS @ CLE,250.5,247.4,-3.107931241834251,Under 250.5
18447151,2025-12-05,Spread,POR @ DET,DET -6.5,DET -6.0,0.5475850145546017,POR +6.5
18447151,2025-12-05,Total,POR @ DET,236.5,239.1,2.5787466105740293,Over 236.5
18447152,2025-12-05,Spread,UTA @ NYK,NYK -29.5,NYK -33.4,-3.9397918897276227,NYK -29.5
18447152,2025-12-05,Total,UTA @ NYK,251.5,256.4,4.856896418352562,Over 251.5
18447153,2025-12-05,Spread,CHA @ TOR,TOR +24.5,TOR +23.6,-0.9006019453645422,TOR +24.5
18447153,2025-12-05,Total,CHA @ TOR,199.5,237.9,38.36835111512602,Over 199.5
18447154,2025-12-05,Spread,IND @ CHI,CHI +14.5,CHI +15.4,0.9340813500110521,IND -14.5
18447154,2025-12-05,Total,IND @ CHI,228.5,224.6,-3.9097045036757834,Under 228.5
18447155,2025-12-05,Spread,PHX @ HOU,HOU -19.5,HOU -19.4,0.07474089739325862,PHX +19.5
18447155,2025-12-05,Total,PHX @ HOU,218.5,214.6,-3.850883541631731,Under 218.5
18447156,2025-12-05,Spread,LAC @ MEM,MEM -6.5,MEM -8.6,-2.1319786540973986,MEM -6.5
18447156,2025-12-05,Total,LAC @ MEM,210.5,198.2,-12.281175170863293,Under 210.5
18447157,2025-12-05,Spread,PHI @ MIL,MIL +15.5,MIL +15.4,-0.10963401258143968,MIL +15.5
18447157,2025-12-05,Total,PHI @ MIL,219.5,216.8,-2.705614827805647,Under 219.5
18447158,2025-12-05,Spread,DAL @ OKC,OKC -27.5,OKC -25.3,2.2053998327527715,DAL +27.5
18447158,2025-12-05,Total,DAL @ OKC,238.5,242.2,3.706287272442836,Over 238.5
18447159,2025-12-06,Spread,NOP @ BKN,BKN -15.5,BKN -17.8,-2.2695833814764725,BKN -15.5
18447159,2025-12-06,Total,NOP @ BKN,217.5,216.4,-1.1339026839384303,Under 217.5
18447160,2025-12-06,Spread,ATL @ WAS,WAS +11.5,WAS +14.1,2.579814392026046,ATL -11.5
18447160,2025-12-06,Total,ATL @ WAS,254.5,248.4,-6.090412220987929,Under 254.5
18447161,2025-12-06,Spread,GSW @ CLE,CLE +5.5,CLE +3.1,-2.426907461167497,CLE +5.5
18447161,2025-12-06,Total,GSW @ CLE,195.5,235.7,40.16033151529419,Over 195.5
18447162,2025-12-06,Spread,MIL @ DET,DET -15.5,DET -12.7,2.843131013087037,MIL +15.5
18447162,2025-12-06,Total,MIL @ DET,229.5,231.7,2.2471062415656036,Over 229.5
18447163,2025-12-06,Spread,SAC @ MIA,MIA +16.5,MIA +16.3,-0.18706556963343957,MIA +16.5
18447163,2025-12-06,Total,SAC @ MIA,239.5,237.6,-1.8531511563803633,Under 239.5
18447164,2025-12-06,Spread,LAC @ MIN,MIN -5.5,MIN -3.9,1.5653163196032538,LAC +5.5
18447164,2025-12-06,Total,LAC @ MIN,213.5,220.1,6.614029590642133,Over 213.5
18447165,2025-12-06,Spread,HOU @ DAL,DAL -12.5,DAL -12.2,0.29169638606585657,HOU +12.5
18447165,2025-12-06,Total,HOU @ DAL,237.5,233.0,-4.4847048989857115,Under 237.5
18447166,2025-12-07,Spread,ORL @ NYK,NYK -7.5,NYK -9.8,-2.2904919446139385,NYK -7.5
18447166,2025-12-07,Total,ORL @ NYK,210.5,208.6,-1.9141722772949379,Under 210.5
18447167,2025-12-07,Spread,BOS @ TOR,TOR +8.5,TOR +7.7,-0.7538156027459832,TOR +8.5
18447167,2025-12-07,Total,BOS @ TOR,236.5,233.7,-2.824524943967674,Under 236.5
18447168,2025-12-07,Spread,DEN @ CHA,CHA +8.5,CHA +8.9,0.4095291850876457,DEN -8.5
18447168,2025-12-07,Total,DEN @ CHA,223.5,221.3,-2.248823570145561,Under 223.5
18447169,2025-12-07,Spread,POR @ MEM,MEM -22.5,MEM -23.1,-0.6014798944776132,MEM -22.5
18447169,2025-12-07,Total,POR @ MEM,217.5,212.4,-5.1350880280095055,Under 217.5
18447170,2025-12-07,Spread,GSW @ CHI,CHI +30.5,CHI +31.1,0.5884876260633973,GSW -30.5
18447170,2025-12-07,Total,GSW @ CHI,217.5,214.2,-3.328884719545215,Under 217.5
18447171,2025-12-07,Spread,LAL @ PHI,PHI +3.5,PHI +3.8,0.298214517412128,LAL -3.5
18447171,2025-12-07,Total,LAL @ PHI,221.5,221.7,0.1563172809979676,Over 221.5
18447172,2025-12-07,Spread,OKC @ UTA,UTA +29.5,UTA +30.2,0.6573142814127486,OKC -29.5
18447172,2025-12-07,Total,OKC @ UTA,233.5,231.3,-2.208080344155718,Under 233.5
18447173,2025-12-08,Spread,SAC @ IND,IND -10.5,IND -11.1,-0.643878386134773,IND -10.5
18447173,2025-12-08,Total,SAC @ IND,225.5,221.4,-4.113396732804887,Under 225.5
18447174,2025-12-08,Spread,PHX @ MIN,MIN +3.5,MIN +2.3,-1.1836895711110902,MIN +3.5
18447174,2025-12-08,Total,PHX @ MIN,219.5,215.5,-4.024376717657532,Under 219.5
18447175,2025-12-08,Spread,SAS @ NOP,NOP +3.5,NOP +3.4,-0.11536034635326464,NOP +3.5
18447175,2025-12-08,Total,SAS @ NOP,267.5,263.4,-4.107118872322133,Under 267.5
20054033,2025-12-09,Spread,MIA @ ORL,ORL -8.5,ORL -9.3,-0.7651224080161949,ORL -8.5
20054033,2025-12-09,Total,MIA @ ORL,228.5,224.7,-3.7834592875470605,Under 228.5
20054034,2025-12-09,Spread,NYK @ TOR,TOR +16.5,TOR +18.0,1.5342153405556118,NYK -16.5
20054034,2025-12-09,Total,NYK @ TOR,220.5,419.5,199.0147260966129,Over 220.5
20054035,2025-12-10,Spread,PHX @ OKC,OKC -48.5,OKC -63.1,-14.57260736559752,OKC -48.5
20054035,2025-12-10,Total,PHX @ OKC,228.5,431.5,203.0391360117419,Over 228.5
20054036,2025-12-10,Spread,SAS @ LAL,LAL +13.5,LAL +14.6,1.0879983262910002,SAS -13.5
20054036,2025-12-10,Total,SAS @ LAL,256.5,459.7,203.168506672974,Over 256.5
20054958,2025-12-11,Spread,LAC @ HOU,HOU -1.5,HOU -2.0,-0.5121658446575568,HOU -1.5
20054958,2025-12-11,Total,LAC @ HOU,224.5,226.0,1.5022274005152383,Over 224.5
20054959,2025-12-11,Spread,BOS @ MIL,MIL -15.5,MIL -14.4,1.1166140700576097,BOS +15.5
20054959,2025-12-11,Total,BOS @ MIL,218.5,216.5,-1.9990330267247316,Under 218.5
20054960,2025-12-11,Spread,POR @ NOP,NOP -22.5,NOP -22.1,0.41688987499283314,POR +22.5
20054960,2025-12-11,Total,POR @ NOP,260.5,263.0,2.521724005564181,Over 260.5
20054961,2025-12-11,Spread,DEN @ SAC,SAC +29.5,SAC +29.2,-0.3153536463125448,SAC +29.5
20054961,2025-12-11,Total,DEN @ SAC,235.5,239.7,4.160422322171655,Over 235.5
20054962,2025-12-12,Spread,CHI @ CHA,CHA +4.5,CHA +3.9,-0.551811103710834,CHA +4.5
20054962,2025-12-12,Total,CHI @ CHA,243.5,252.9,9.447746794666642,Over 243.5
20054963,2025-12-12,Spread,ATL @ DET,DET -24.5,DET -26.0,-1.5203978808375709,DET -24.5
20054963,2025-12-12,Total,ATL @ DET,256.5,257.4,0.9370209123906648,Over 256.5
20054964,2025-12-12,Spread,IND @ PHI,PHI -7.5,PHI -12.5,-5.03802981022684,PHI -7.5
20054964,2025-12-12,Total,IND @ PHI,225.5,430.3,204.8097321144691,Over 225.5
20054965,2025-12-12,Spread,CLE @ WAS,WAS +6.5,WAS +5.3,-1.155510147030622,WAS +6.5
20054965,2025-12-12,Total,CLE @ WAS,256.5,255.7,-0.7625069434571401,Under 256.5
20054966,2025-12-12,Spread,UTA @ MEM,MEM +3.5,MEM +4.1,0.5697167535197423,UTA -3.5
20054966,2025-12-12,Total,UTA @ MEM,261.5,257.7,-3.797440424252784,Under 261.5
20054967,2025-12-12,Spread,BKN @ DAL,DAL -7.5,DAL -7.8,-0.32744781283388313,DAL -7.5
20054967,2025-12-12,Total,BKN @ DAL,238.5,230.1,-8.449287427742348,Under 238.5
20054968,2025-12-12,Spread,MIN @ GSW,GSW +6.5,GSW +6.5,0.03432879301714031,MIN -6.5
20054968,2025-12-12,Total,MIN @ GSW,247.5,246.0,-1.5131356025565026,Under 247.5
20290668,2025-12-13,Spread,NYK @ ORL,ORL -11.5,ORL -5.7,5.7690963978783625,NYK +11.5
20290668,2025-12-13,Total,NYK @ ORL,256.5,252.0,-4.525616067817651,Under 256.5
20314126,2025-12-13,Spread,SAS @ OKC,OKC +3.5,OKC +0.9,-2.6103715051901712,OKC +3.5
20314126,2025-12-13,Total,SAS @ OKC,217.5,223.2,5.70531889084134,Over 217.5
20054969,2025-12-14,Spread,WAS @ IND,IND +16.5,IND +15.8,-0.6951986152569276,IND +16.5
20054969,2025-12-14,Total,WAS @ IND,200.5,244.7,44.204732341264105,Over 200.5
20054970,2025-12-14,Spread,PHI @ ATL,ATL -2.5,ATL -3.1,-0.6202396972462312,ATL -2.5
20054970,2025-12-14,Total,PHI @ ATL,236.5,235.2,-1.2753499222268943,Under 236.5
20054971,2025-12-14,Spread,CHA @ CLE,CLE +4.5,CLE +6.4,1.9029200185340578,CHA -4.5
20054971,2025-12-14,Total,CHA @ CLE,237.5,227.8,-9.749087880556857,Under 237.5
20054972,2025-12-14,Spread,MIL @ BKN,BKN -41.5,BKN -44.6,-3.073287823838669,BKN -41.5
20054972,2025-12-14,Total,MIL @ BKN,215.5,211.4,-4.065420586664658,Under 215.5
20054973,2025-12-14,Spread,SAC @ MIN,MIN -14.5,MIN -14.2,0.2759229530682088,SAC +14.5
20054973,2025-12-14,Total,SAC @ MIN,224.5,221.1,-3.3797652822843816,Under 224.5
20054974,2025-12-14,Spread,GSW @ POR,POR -3.5,POR -5.0,-1.4825980851336205,POR -3.5
20054974,2025-12-14,Total,GSW @ POR,266.5,267.1,0.568356920752251,Over 266.5
20054976,2025-12-14,Spread,NOP @ CHI,CHI +9.5,CHI +9.9,0.4256987605977791,NOP -9.5
20054976,2025-12-14,Total,NOP @ CHI,217.5,214.0,-3.5302514796788955,Under 217.5
20314134,2025-12-14,Spread,LAL @ PHX,PHX +4.5,PHX +2.6,-1.9391988030097016,PHX +4.5
20314134,2025-12-14,Total,LAL @ PHX,228.5,232.5,4.041902566105421,Over 228.5
20054975,2025-12-15,Spread,DET @ BOS,BOS +6.5,BOS +6.8,0.3449430624811871,DET -6.5
20054975,2025-12-15,Total,DET @ BOS,222.5,220.1,-2.4439917769552153,Under 222.5
20054977,2025-12-15,Spread,DAL @ UTA,UTA -7.5,UTA -6.9,0.6174135156478204,DAL +7.5
20054977,2025-12-15,Total,DAL @ UTA,278.5,274.4,-4.118545057519611,Under 278.5
20054978,2025-12-15,Spread,HOU @ DEN,DEN -3.5,DEN -2.5,1.004659825879458,HOU +3.5
20054978,2025-12-15,Total,HOU @ DEN,255.5,254.0,-1.484879074104498,Under 255.5
20054979,2025-12-15,Spread,MEM @ LAC,LAC +17.5,LAC +17.6,0.13635348242296885,MEM -17.5
20054979,2025-12-15,Total,MEM @ LAC,227.5,224.5,-2.9855576034975684,Under 227.5
20290680,2025-12-15,Spread,TOR @ MIA,MIA +7.5,MIA +8.7,1.1721204786793162,TOR -7.5
20290680,2025-12-15,Total,TOR @ MIA,206.5,192.6,-13.884268051108165,Under 206.5
20377171,2025-12-16,Spread,SAS @ NYK,NYK -10.5,NYK -12.7,-2.205089897650163,NYK -10.5
20377171,2025-12-16,Total,SAS @ NYK,236.5,233.5,-2.9502542839356636,Under 236.5
18447176,2025-12-17,Spread,CLE @ CHI,CHI -14.5,CHI -15.7,-1.2085829976682039,CHI -14.5
18447176,2025-12-17,Total,CLE @ CHI,244.5,243.1,-1.423825738246677,Under 244.5
18447177,2025-12-17,Spread,MEM @ MIN,MIN +7.5,MIN +6.7,-0.7727791337777266,MIN +7.5
18447177,2025-12-17,Total,MEM @ MIN,220.5,220.2,-0.3309857612011342,Under 220.5
18447178,2025-12-18,Spread,LAC @ OKC,OKC -14.5,OKC -17.5,-2.9615795079162552,OKC -14.5
18447178,2025-12-18,Total,LAC @ OKC,225.5,227.7,2.2351791539505825,Over 225.5
18447179,2025-12-18,Spread,WAS @ SAS,SAS -24.5,SAS -24.4,0.11568232196767525,WAS +24.5
18447179,2025-12-18,Total,WAS @ SAS,213.5,220.7,7.231647983512232,Over 213.5
18447180,2025-12-18,Spread,ATL @ CHA,CHA -7.5,CHA -5.8,1.7465831844226969,ATL +7.5
18447180,2025-12-18,Total,ATL @ CHA,256.5,277.1,20.647295371002258,Over 256.5
18447181,2025-12-18,Spread,NYK @ IND,IND +1.5,IND +2.2,0.7279754775111433,NYK -1.5
18447181,2025-12-18,Total,NYK @ IND,228.5,229.8,1.3221787274225392,Over 228.5
18447182,2025-12-18,Spread,MIA @ BKN,BKN +8.5,BKN +7.3,-1.1645395337843016,BKN +8.5
18447182,2025-12-18,Total,MIA @ BKN,200.5,247.5,47.02102872288111,Over 200.5
18447183,2025-12-18,Spread,TOR @ MIL,MIL +8.5,MIL +5.0,-3.482577173047945,MIL +8.5
18447183,2025-12-18,Total,TOR @ MIL,212.5,190.7,-21.75380147544297,Under 212.5
18447184,2025-12-18,Spread,HOU @ NOP,NOP -2.5,NOP -0.7,1.8117395828831815,HOU +2.5
18447184,2025-12-18,Total,HOU @ NOP,260.5,257.6,-2.943996670867307,Under 260.5
18447185,2025-12-18,Spread,DET @ DAL,DAL -2.5,DAL -3.2,-0.7384858303591169,DAL -2.5
18447185,2025-12-18,Total,DET @ DAL,239.5,237.7,-1.7940972101574175,Under 239.5
18447186,2025-12-18,Spread,ORL @ DEN,DEN -11.5,DEN -10.4,1.1347464421183933,ORL +11.5
18447186,2025-12-18,Total,ORL @ DEN,245.5,247.4,1.9011763909640251,Over 245.5
18447187,2025-12-18,Spread,GSW @ PHX,PHX +2.5,PHX +0.4,-2.105863016126481,PHX +2.5
18447187,2025-12-18,Total,GSW @ PHX,196.5,283.6,87.106453506479,Over 196.5
18447188,2025-12-18,Spread,LAL @ UTA,UTA +4.5,UTA +3.8,-0.7489071719874714,UTA +4.5
18447188,2025-12-18,Total,LAL @ UTA,267.5,268.7,1.1562970957661491,Over 267.5
18447189,2025-12-18,Spread,SAC @ POR,POR -6.5,POR -4.5,2.0236471391422874,SAC +6.5
18447189,2025-12-18,Total,SAC @ POR,258.5,281.4,22.885217468145754,Over 258.5
18447190,2025-12-19,Spread,MIA @ BOS,BOS -17.5,BOS -18.2,-0.7278766553962797,BOS -17.5
18447190,2025-12-19,Total,MIA @ BOS,246.5,438.0,191.51004985128623,Over 246.5
18447191,2025-12-19,Spread,PHI @ NYK,NYK +5.5,NYK +3.7,-1.7847702607501894,NYK +5.5
18447191,2025-12-19,Total,PHI @ NYK,229.5,423.5,194.03586366670987,Over 229.5
18447192,2025-12-19,Spread,SAS @ ATL,ATL +28.5,ATL +28.9,0.40950834662505287,SAS -28.5
18447192,2025-12-19,Total,SAS @ ATL,225.5,422.2,196.65270581764798,Over 225.5
18447193,2025-12-19,Spread,CHI @ CLE,CLE +10.5,CLE +10.6,0.12490925844187295,CHI -10.5
18447193,2025-12-19,Total,CHI @ CLE,257.5,448.8,191.26834967065383,Over 257.5
18447194,2025-12-19,Spread,OKC @ MIN,MIN -1.5,MIN -1.0,0.5396918083330893,OKC +1.5
18447194,2025-12-19,Total,OKC @ MIN,221.5,423.2,201.65916824572332,Over 221.5
18447195,2025-12-20,Spread,HOU @ DEN,DEN +11.5,DEN +13.5,2.0448493209771748,HOU -11.5
18447195,2025-12-20,Total,HOU @ DEN,217.5,223.5,6.004791934403272,Over 217.5
18447196,2025-12-20,Spread,DAL @ PHI,PHI -7.5,PHI -10.2,-2.65297027346935,PHI -7.5
18447196,2025-12-20,Total,DAL @ PHI,240.5,237.7,-2.7830363230425803,Under 240.5
18447197,2025-12-20,Spread,BOS @ TOR,TOR +12.5,TOR +13.0,0.542704597515991,BOS -12.5
18447197,2025-12-20,Total,BOS @ TOR,215.5,217.8,2.257317512338034,Over 215.5
18447198,2025-12-20,Spread,IND @ NOP,NOP -20.5,NOP -16.3,4.186093452862359,IND +20.5
18447198,2025-12-20,Total,IND @ NOP,236.5,237.7,1.2012686446010719,Over 236.5
18447199,2025-12-20,Spread,CHA @ DET,DET -26.5,DET -25.0,1.4718469909920984,CHA +26.5
18447199,2025-12-20,Total,CHA @ DET,201.5,203.3,1.7989495034664742,Over 201.5
18447200,2025-12-20,Spread,WAS @ MEM,MEM +7.5,MEM +8.0,0.49861527587658294,WAS -7.5
18447200,2025-12-20,Total,WAS @ MEM,252.5,252.0,-0.5363125634829089,Under 252.5
18447201,2025-12-20,Spread,PHX @ GSW,GSW -3.5,GSW -1.6,1.9257289369734218,PHX +3.5
18447201,2025-12-20,Total,PHX @ GSW,225.5,225.4,-0.09729893891545771,Under 225.5
18447202,2025-12-20,Spread,ORL @ UTA,UTA +1.5,UTA +3.1,1.5851700143374843,ORL -1.5
18447202,2025-12-20,Total,ORL @ UTA,252.5,240.0,-12.503984615969586,Under 252.5
18447203,2025-12-20,Spread,POR @ SAC,SAC +4.5,SAC +3.3,-1.1850390901463275,SAC +4.5
18447203,2025-12-20,Total,POR @ SAC,195.5,246.2,50.70603057574721,Over 195.5
18447204,2025-12-20,Spread,LAL @ LAC,LAC -9.5,LAC -9.9,-0.3948337532088715,LAC -9.5
18447204,2025-12-20,Total,LAL @ LAC,196.5,250.6,54.06411557482505,Over 196.5
18447205,2025-12-21,Spread,CHI @ ATL,ATL -4.5,ATL -1.6,2.8800867309475215,CHI +4.5
18447205,2025-12-21,Total,CHI @ ATL,254.5,276.9,22.393958478664274,Over 254.5
18447206,2025-12-21,Spread,TOR @ BKN,BKN -13.5,BKN -15.4,-1.8596295664193114,BKN -13.5
18447206,2025-12-21,Total,TOR @ BKN,181.5,235.7,54.232777109546134,Over 181.5
18447207,2025-12-21,Spread,MIA @ NYK,NYK -8.5,NYK -7.0,1.5084387877219765,MIA +8.5
18447207,2025-12-21,Total,MIA @ NYK,255.5,255.1,-0.38462708739834284,Under 255.5
18447208,2025-12-21,Spread,SAS @ WAS,WAS +13.5,WAS +13.7,0.15713013837745393,SAS -13.5
18447208,2025-12-21,Total,SAS @ WAS,239.5,238.6,-0.8884863927387983,Under 239.5
18447209,2025-12-21,Spread,MIL @ MIN,MIN -6.5,MIN -4.9,1.6486744628288967,MIL +6.5
18447209,2025-12-21,Total,MIL @ MIN,202.5,192.5,-9.968720545455028,Under 202.5
18447210,2025-12-21,Spread,HOU @ SAC,SAC -1.5,SAC +1.6,3.0506912124270187,HOU +1.5
18447210,2025-12-21,Total,HOU @ SAC,249.5,240.9,-8.57154254110975,Under 249.5
18447211,2025-12-22,Spread,CHA @ CLE,CLE -12.5,CLE -11.0,1.4721001942022358,CHA +12.5
18447211,2025-12-22,Total,CHA @ CLE,270.5,267.6,-2.889084314940078,Under 270.5
18447212,2025-12-22,Spread,IND @ BOS,BOS -9.5,BOS -6.2,3.3075730733997135,IND +9.5
18447212,2025-12-22,Total,IND @ BOS,201.5,245.6,44.12896652055187,Over 201.5
18447213,2025-12-22,Spread,DAL @ NOP,NOP -8.5,NOP -10.1,-1.6032822278832803,NOP -8.5
18447213,2025-12-22,Total,DAL @ NOP,229.5,228.7,-0.8387433748473825,Under 229.5
18447214,2025-12-22,Spread,UTA @ DEN,DEN -18.5,DEN -19.1,-0.6008287629429141,DEN -18.5
18447214,2025-12-22,Total,UTA @ DEN,251.5,247.8,-3.673390741362198,Under 251.5
18447215,2025-12-22,Spread,MEM @ OKC,OKC -15.5,OKC -17.7,-2.189056881871835,OKC -15.5
18447215,2025-12-22,Total,MEM @ OKC,223.5,225.4,1.9219865602345862,Over 223.5
18447216,2025-12-22,Spread,ORL @ GSW,GSW -16.5,GSW -17.3,-0.7509418238499137,GSW -16.5
18447216,2025-12-22,Total,ORL @ GSW,219.5,210.4,-9.067855558632829,Under 219.5
18447217,2025-12-22,Spread,DET @ POR,POR +7.5,POR +8.7,1.2090497638894853,DET -7.5
18447217,2025-12-22,Total,DET @ POR,219.5,218.8,-0.6972516699564153,Under 219.5
18447218,2025-12-23,Spread,WAS @ CHA,CHA -18.5,CHA -16.5,1.9798543501942802,WAS +18.5
18447218,2025-12-23,Total,WAS @ CHA,236.5,235.9,-0.638644361046687,Under 236.5
18447219,2025-12-23,Spread,BKN @ PHI,PHI +10.5,PHI +11.2,0.6522286098647463,BKN -10.5
18447219,2025-12-23,Total,BKN @ PHI,220.5,213.5,-6.987105472022876,Under 220.5
18447220,2025-12-23,Spread,CHI @ ATL,ATL +1.5,ATL +3.7,2.188505514001208,CHI -1.5
18447220,2025-12-23,Total,CHI @ ATL,249.5,250.6,1.1162877172577055,Over 249.5
18447221,2025-12-23,Spread,NOP @ CLE,CLE -26.5,CLE -26.3,0.23116940228729632,NOP +26.5
18447221,2025-12-23,Total,NOP @ CLE,260.5,260.9,0.40505716220462773,Over 260.5
18447222,2025-12-23,Spread,MIL @ IND,IND +14.5,IND +16.9,2.3943688754482224,MIL -14.5
18447222,2025-12-23,Total,MIL @ IND,204.5,190.5,-13.974103650360519,Under 204.5
18447223,2025-12-23,Spread,TOR @ MIA,MIA +18.5,MIA +16.9,-1.5815857784560734,MIA +18.5
18447223,2025-12-23,Total,TOR @ MIA,203.5,187.1,-16.37229493161064,Under 203.5
18447224,2025-12-23,Spread,DEN @ DAL,DAL -2.5,DAL +0.5,3.00561158318417,DEN +2.5
18447224,2025-12-23,Total,DEN @ DAL,266.5,256.7,-9.79118447357365,Under 266.5
18447225,2025-12-23,Spread,NYK @ MIN,MIN -10.5,MIN -11.8,-1.2655421019365942,MIN -10.5
18447225,2025-12-23,Total,NYK @ MIN,218.5,214.0,-4.464867840425228,Under 218.5
18447226,2025-12-23,Spread,OKC @ SAS,SAS -19.5,SAS -18.6,0.869013556626328,OKC +19.5
18447226,2025-12-23,Total,OKC @ SAS,233.5,231.3,-2.171579000974873,Under 233.5
18447227,2025-12-23,Spread,LAL @ PHX,PHX -24.5,PHX -23.9,0.5991169996962604,LAL +24.5
18447227,2025-12-23,Total,LAL @ PHX,242.5,243.2,0.6657916770221277,Over 242.5
18447228,2025-12-23,Spread,MEM @ UTA,UTA +8.5,UTA +10.3,1.8154745475015446,MEM -8.5
18447228,2025-12-23,Total,MEM @ UTA,267.5,260.3,-7.181957047318235,Under 267.5
18447229,2025-12-23,Spread,ORL @ POR,POR +1.5,POR +2.2,0.7160163853391106,ORL -1.5
18447229,2025-12-23,Total,ORL @ POR,224.5,211.2,-13.33857407328739,Under 224.5
18447230,2025-12-23,Spread,DET @ SAC,SAC +9.5,SAC +10.2,0.7481230648646484,DET -9.5
18447230,2025-12-23,Total,DET @ SAC,262.5,264.0,1.527025243697608,Over 262.5
18447231,2025-12-23,Spread,HOU @ LAC,LAC -25.5,LAC -25.9,-0.3731764399192805,LAC -25.5
18447231,2025-12-23,Total,HOU @ LAC,235.5,232.8,-2.6886903094400054,Under 235.5
18447232,2025-12-25,Spread,CLE @ NYK,NYK -5.5,NYK -5.9,-0.38470076370900586,NYK -5.5
18447232,2025-12-25,Total,CLE @ NYK,245.5,244.8,-0.7167813447606477,Under 245.5
18447233,2025-12-25,Spread,SAS @ OKC,OKC +13.5,OKC +15.7,2.220746125385933,SAS -13.5
18447233,2025-12-25,Total,SAS @ OKC,220.5,218.0,-2.4906711863799558,Under 220.5
18447234,2025-12-25,Spread,DAL @ GSW,GSW -10.5,GSW -11.0,-0.5018702121933778,GSW -10.5
18447234,2025-12-25,Total,DAL @ GSW,240.5,244.6,4.051170655683563,Over 240.5
18447235,2025-12-25,Spread,HOU @ LAL,LAL +24.5,LAL +24.7,0.16498135535012892,HOU -24.5
18447235,2025-12-25,Total,HOU @ LAL,213.5,197.7,-15.842184541046834,Under 213.5
18447236,2025-12-25,Spread,MIN @ DEN,DEN -1.5,DEN -0.9,0.6271102632601928,MIN +1.5
18447236,2025-12-25,Total,MIN @ DEN,258.5,261.0,2.477149552899675,Over 258.5
18447237,2025-12-26,Spread,MIA @ ATL,ATL +11.5,ATL +13.4,1.8635279114773304,MIA -11.5
18447237,2025-12-26,Total,MIA @ ATL,238.5,238.5,0.03649178682240972,Over 238.5
18447238,2025-12-26,Spread,CHA @ ORL,ORL +15.5,ORL +16.7,1.237550886790359,CHA -15.5
18447238,2025-12-26,Total,CHA @ ORL,225.5,221.6,-3.852752590698543,Under 225.5
18447239,2025-12-26,Spread,TOR @ WAS,WAS -16.5,WAS -17.3,-0.7902881108696285,WAS -16.5
18447239,2025-12-26,Total,TOR @ WAS,259.5,259.0,-0.4698686740379685,Under 259.5
18447240,2025-12-26,Spread,BOS @ IND,IND +17.5,IND +19.9,2.4228985456346592,BOS -17.5
18447240,2025-12-26,Total,BOS @ IND,255.5,255.8,0.28562831440643777,Over 255.5
18447241,2025-12-26,Spread,PHI @ CHI,CHI -3.5,CHI -3.5,0.02453118372872609,PHI +3.5
18447241,2025-12-26,Total,PHI @ CHI,218.5,213.1,-5.354515348524785,Under 218.5
18447242,2025-12-26,Spread,MIL @ MEM,MEM -16.5,MEM -15.9,0.5774747577253159,MIL +16.5
18447242,2025-12-26,Total,MIL @ MEM,233.5,236.5,2.9878647666216693,Over 233.5
18447243,2025-12-26,Spread,PHX @ NOP,NOP +4.5,NOP +4.9,0.3536517478894279,PHX -4.5
18447243,2025-12-26,Total,PHX @ NOP,241.5,246.3,4.760626515041707,Over 241.5
18447244,2025-12-26,Spread,DET @ UTA,UTA -2.5,UTA -0.5,1.9874073332417774,DET +2.5
18447244,2025-12-26,Total,DET @ UTA,261.5,253.4,-8.149303108154498,Under 261.5
18447245,2025-12-26,Spread,LAC @ POR,POR +10.5,POR +9.9,-0.6242948438984524,POR +10.5
18447245,2025-12-26,Total,LAC @ POR,220.5,210.7,-9.792788794996568,Under 220.5
18447246,2025-12-27,Spread,DAL @ SAC,SAC -5.5,SAC -5.5,-0.04065334350736105,SAC -5.5
18447246,2025-12-27,Total,DAL @ SAC,222.5,215.7,-6.818238533275888,Under 222.5
18447247,2025-12-27,Spread,DEN @ ORL,ORL -2.5,ORL +0.2,2.6516533858316573,DEN +2.5
18447247,2025-12-27,Total,DEN @ ORL,248.5,285.9,37.39982038500216,Over 248.5
18447248,2025-12-27,Spread,PHX @ NOP,NOP +8.5,NOP +9.3,0.7736798469740034,PHX -8.5
18447248,2025-12-27,Total,PHX @ NOP,231.5,233.4,1.8768579799393876,Over 231.5
18447249,2025-12-27,Spread,NYK @ ATL,ATL +1.5,ATL +3.0,1.5278387963490823,NYK -1.5
18447249,2025-12-27,Total,NYK @ ATL,253.5,247.3,-6.189745501156779,Under 253.5
18447250,2025-12-27,Spread,IND @ MIA,MIA -22.5,MIA -20.8,1.7372990390623322,IND +22.5
18447250,2025-12-27,Total,IND @ MIA,261.5,260.5,-0.9747554523987105,Under 261.5
18447251,2025-12-27,Spread,MIL @ CHI,CHI +5.5,CHI +6.1,0.6360749253152136,MIL -5.5
18447251,2025-12-27,Total,MIL @ CHI,213.5,203.6,-9.927930036751974,Under 213.5
18447252,2025-12-27,Spread,CLE @ HOU,HOU -18.5,HOU -18.8,-0.27704257321280323,HOU -18.5
18447252,2025-12-27,Total,CLE @ HOU,212.5,211.6,-0.8944131847757433,Under 212.5
18447253,2025-12-27,Spread,BKN @ MIN,MIN +16.5,MIN +17.1,0.6008003814962954,BKN -16.5
18447253,2025-12-27,Total,BKN @ MIN,229.5,226.3,-3.2468941993886347,Under 229.5
18447254,2025-12-27,Spread,UTA @ SAS,SAS +8.5,SAS +6.1,-2.3720965057114753,SAS +8.5
18447254,2025-12-27,Total,UTA @ SAS,246.5,242.4,-4.1250971187469645,Under 246.5
18447255,2025-12-28,Spread,GSW @ TOR,TOR -13.5,TOR -13.9,-0.38036349474453246,TOR -13.5
18447255,2025-12-28,Total,GSW @ TOR,268.5,264.5,-3.9577303803779387,Under 268.5
18447256,2025-12-28,Spread,PHI @ OKC,OKC -23.5,OKC -22.8,0.671886634189832,PHI +23.5
18447256,2025-12-28,Total,PHI @ OKC,234.5,231.4,-3.1499277147490545,Under 234.5
18447257,2025-12-28,Spread,MEM @ WAS,WAS -3.5,WAS -2.4,1.0689597522996857,MEM +3.5
18447257,2025-12-28,Total,MEM @ WAS,231.5,229.3,-2.167273775397831,Under 231.5
18447258,2025-12-28,Spread,BOS @ POR,POR -2.5,POR -3.8,-1.330253457992872,POR -2.5
18447258,2025-12-28,Total,BOS @ POR,221.5,210.3,-11.199030115852935,Under 221.5
18447259,2025-12-28,Spread,DET @ LAC,LAC -11.5,LAC -12.3,-0.7634985104994314,LAC -11.5
18447259,2025-12-28,Total,DET @ LAC,215.5,211.6,-3.9166716167045763,Under 215.5
18447260,2025-12-28,Spread,SAC @ LAL,LAL -20.5,LAL -19.6,0.9478918557033538,SAC +20.5
18447260,2025-12-28,Total,SAC @ LAL,228.5,223.6,-4.872563451362936,Under 228.5
18447261,2025-12-29,Spread,MIL @ CHA,CHA +10.5,CHA +8.6,-1.8648181812716675,CHA +10.5
18447261,2025-12-29,Total,MIL @ CHA,239.5,238.7,-0.7965248431246152,Under 239.5
18447262,2025-12-29,Spread,PHX @ WAS,WAS +14.5,WAS +16.3,1.8218637246169287,PHX -14.5
18447262,2025-12-29,Total,PHX @ WAS,220.5,204.9,-15.59028726541581,Under 220.5
18447263,2025-12-29,Spread,GSW @ BKN,BKN +9.5,BKN +9.0,-0.45192020802134536,BKN +9.5
18447263,2025-12-29,Total,GSW @ BKN,231.5,232.8,1.3267521794526829,Over 231.5
18447264,2025-12-29,Spread,DEN @ MIA,MIA -24.5,MIA -23.7,0.7593721826704964,DEN +24.5
18447264,2025-12-29,Total,DEN @ MIA,271.5,270.9,-0.6111776327468874,Under 271.5
18447265,2025-12-29,Spread,ORL @ TOR,TOR -1.5,TOR -0.4,1.0813181642993013,ORL +1.5
18447265,2025-12-29,Total,ORL @ TOR,219.5,216.4,-3.0847719712578225,Under 219.5
18447266,2025-12-29,Spread,MIN @ CHI,CHI +30.5,CHI +30.5,-0.01626971022268009,CHI +30.5
18447266,2025-12-29,Total,MIN @ CHI,238.5,243.4,4.939995707219111,Over 238.5
18447267,2025-12-29,Spread,IND @ HOU,HOU -11.5,HOU -11.2,0.3381985790238069,IND +11.5
18447267,2025-12-29,Total,IND @ HOU,240.5,241.1,0.6365324011125608,Over 240.5
18447268,2025-12-29,Spread,NYK @ NOP,NOP +4.5,NOP +5.2,0.7316679874382288,NYK -4.5
18447268,2025-12-29,Total,NYK @ NOP,256.5,264.4,7.8895537212935665,Over 256.5
18447269,2025-12-29,Spread,ATL @ OKC,OKC -10.5,OKC -9.4,1.1351861964095402,ATL +10.5
18447269,2025-12-29,Total,ATL @ OKC,275.5,273.9,-1.621955822385928,Under 275.5
18447270,2025-12-29,Spread,CLE @ SAS,SAS +11.5,SAS +12.0,0.5403007074925767,CLE -11.5
18447270,2025-12-29,Total,CLE @ SAS,217.5,240.5,22.978563425937466,Over 217.5
18447271,2025-12-29,Spread,DAL @ POR,POR +1.5,POR +4.8,3.3184810054517238,DAL -1.5
18447271,2025-12-29,Total,DAL @ POR,252.5,265.7,13.239569188909286,Over 252.5
18447272,2025-12-30,Spread,PHI @ MEM,MEM +2.5,MEM +3.9,1.448872981755525,PHI -2.5
18447272,2025-12-30,Total,PHI @ MEM,278.5,264.4,-14.07228808845457,Under 278.5
18447273,2025-12-30,Spread,BOS @ UTA,UTA +9.5,UTA +9.9,0.4191098154001942,BOS -9.5
18447273,2025-12-30,Total,BOS @ UTA,253.5,251.6,-1.942818942521228,Under 253.5
18447274,2025-12-30,Spread,DET @ LAL,LAL +22.5,LAL +23.6,1.1444665705749202,DET -22.5
18447274,2025-12-30,Total,DET @ LAL,236.5,234.9,-1.627262255959721,Under 236.5
18447275,2025-12-30,Spread,SAC @ LAC,LAC -39.5,LAC -38.9,0.5828648846951552,SAC +39.5
18447275,2025-12-30,Total,SAC @ LAC,220.5,210.5,-10.005895513888845,Under 220.5
18447276,2025-12-31,Spread,GSW @ CHA,CHA +6.5,CHA +5.1,-1.3940958753397963,CHA +6.5
18447276,2025-12-31,Total,GSW @ CHA,257.5,257.6,0.10695951503009837,Over 257.5
18447277,2025-12-31,Spread,MIN @ ATL,ATL -25.5,ATL -23.6,1.9465878336622637,MIN +25.5
18447277,2025-12-31,Total,MIN @ ATL,224.5,223.7,-0.7946779206142196,Under 224.5
18447278,2025-12-31,Spread,ORL @ IND,IND +1.5,IND +3.0,1.5026548903858425,ORL -1.5
18447278,2025-12-31,Total,ORL @ IND,226.5,235.9,9.374610203667658,Over 226.5
18447279,2025-12-31,Spread,PHX @ CLE,CLE -15.5,CLE -15.3,0.24702891644496816,PHX +15.5
18447279,2025-12-31,Total,PHX @ CLE,246.5,246.2,-0.31926273079241696,Under 246.5
18447280,2025-12-31,Spread,NOP @ CHI,CHI -14.5,CHI -12.5,2.023229943634444,NOP +14.5
18447280,2025-12-31,Total,NOP @ CHI,256.5,255.5,-0.9887863898454157,Under 256.5
18447281,2025-12-31,Spread,NYK @ SAS,SAS -5.5,SAS -6.9,-1.3507534973425885,SAS -5.5
18447281,2025-12-31,Total,NYK @ SAS,258.5,253.6,-4.939301690389044,Under 258.5
18447282,2025-12-31,Spread,DEN @ TOR,TOR +3.5,TOR +2.0,-1.4521481873206508,TOR +3.5
18447282,2025-12-31,Total,DEN @ TOR,210.5,197.6,-12.861351331162496,Under 210.5
18447283,2025-12-31,Spread,WAS @ MIL,MIL -3.5,MIL -5.7,-2.2345946656184204,MIL -3.5
18447283,2025-12-31,Total,WAS @ MIL,229.5,225.2,-4.279826340808711,Under 229.5
18447284,2025-12-31,Spread,POR @ OKC,OKC -29.5,OKC -31.0,-1.518199433327105,OKC -29.5
18447284,2025-12-31,Total,POR @ OKC,225.5,224.5,-1.038511100629762,Under 225.5
18447285,2026-01-01,Spread,HOU @ BKN,BKN +11.5,BKN +12.4,0.9498398945624249,HOU -11.5
18447285,2026-01-01,Total,HOU @ BKN,218.5,210.6,-7.877372360537322,Under 218.5
18447286,2026-01-01,Spread,MIA @ DET,DET -4.5,DET -4.9,-0.40986327895541486,DET -4.5
18447286,2026-01-01,Total,MIA @ DET,236.5,253.0,16.50089285829901,Over 236.5
18447287,2026-01-01,Spread,PHI @ DAL,DAL +1.5,DAL +2.4,0.9491988734354684,PHI -1.5
18447287,2026-01-01,Total,PHI @ DAL,230.5,227.9,-2.630799398669865,Under 230.5
18447288,2026-01-01,Spread,BOS @ SAC,SAC +9.5,SAC +9.1,-0.3798867980722296,SAC +9.5
18447288,2026-01-01,Total,BOS @ SAC,229.5,216.3,-13.179011879179114,Under 229.5
18447289,2026-01-01,Spread,UTA @ LAC,LAC -12.5,LAC -14.1,-1.6280560212407718,LAC -12.5
18447289,2026-01-01,Total,UTA @ LAC,232.5,227.8,-4.675540872370533,Under 232.5
18447290,2026-01-02,Spread,SAS @ IND,IND +6.5,IND +5.8,-0.710774349267262,IND +6.5
18447290,2026-01-02,Total,SAS @ IND,236.5,239.8,3.2553677354300135,Over 236.5
18447291,2026-01-02,Spread,BKN @ WAS,WAS +1.5,WAS +0.8,-0.7107743492672622,WAS +1.5
18447291,2026-01-02,Total,BKN @ WAS,223.5,243.9,20.396652736984066,Over 223.5
18447292,2026-01-02,Spread,DEN @ CLE,CLE -13.5,CLE -13.4,0.1438096993601654,DEN +13.5
18447292,2026-01-02,Total,DEN @ CLE,236.5,235.2,-1.322665067652082,Under 236.5
18447293,2026-01-02,Spread,ATL @ NYK,NYK -7.5,NYK -7.4,0.054299747320163405,ATL +7.5
18447293,2026-01-02,Total,ATL @ NYK,246.5,237.4,-9.10166478037064,Under 246.5
18447294,2026-01-02,Spread,ORL @ CHI,CHI +5.5,CHI +4.8,-0.710774349267262,CHI +5.5
18447294,2026-01-02,Total,ORL @ CHI,233.5,236.8,3.3171222346506113,Over 233.5
18447295,2026-01-02,Spread,CHA @ MIL,MIL -5.5,MIL -5.4,0.054299747320163405,CHA +5.5
18447295,2026-01-02,Total,CHA @ MIL,232.5,249.7,17.170298611490438,Over 232.5
18447296,2026-01-02,Spread,POR @ NOP,NOP +1.5,NOP +0.8,-0.7107743492672622,NOP +1.5
18447296,2026-01-02,Total,POR @ NOP,241.5,238.6,-2.8866504349657305,Under 241.5
18447297,2026-01-02,Spread,SAC @ PHX,PHX -12.5,PHX -12.1,0.4416499751684402,SAC +12.5
18447297,2026-01-02,Total,SAC @ PHX,227.5,224.8,-2.687295289557113,Under 227.5
18447298,2026-01-02,Spread,OKC @ GSW,GSW +8.5,GSW +8.1,-0.3798867980722296,GSW +8.5
18447298,2026-01-02,Total,OKC @ GSW,228.5,215.3,-13.179011879179114,Under 228.5
18447299,2026-01-02,Spread,MEM @ LAL,LAL -3.5,LAL -3.4,0.05429974732016385,MEM +3.5
18447299,2026-01-02,Total,MEM @ LAL,238.5,261.5,23.013765453445387,Over 238.5
