season,game_id,date_utc,actual_margin,actual_total,model_spread_home,model_total,spread_error,total_error,spread_correct
2026,18446819,2025-10-21T23:30:00Z,1.0,249.0,0.7892256507327378,257.0742656783544,1.7892256507327378,-8.07426567835438,0
2026,18446820,2025-10-22T02:00:00Z,-10.0,228.0,9.12011320192777,229.84428377141305,-0.8798867980722296,-1.8442837714130462,1
2026,18446821,2025-10-22T23:00:00Z,8.0,230.0,-7.7435405284881105,230.87786187855326,0.2564594715118895,-0.8778618785532615,1
2026,18446822,2025-10-23T01:30:00Z,-33.0,217.0,32.12011320192777,218.34337574570552,-0.8798867980722278,-1.343375745705515,1
2026,18446823,2025-10-22T23:00:00Z,19.0,253.0,-21.356190300639835,252.24005522762158,-2.3561903006398346,0.7599447723784181,1
2026,18446824,2025-10-22T23:00:00Z,4.0,246.0,-2.74354052848811,243.84057864980466,1.25645947151189,2.1594213501953448,1
2026,18446825,2025-10-22T23:30:00Z,-20.0,256.0,19.120113201927772,252.71716230649687,-0.8798867980722278,3.282837693503126,1
2026,18446826,2025-10-22T23:30:00Z,-1.0,233.0,0.7892256507327378,233.19680633203825,-0.21077434926726224,-0.19680633203824982,1
2026,18446827,2025-10-23T00:00:00Z,4.0,226.0,-3.74354052848811,226.1107978405039,0.25645947151188997,-0.11079784050389208,1
2026,18446828,2025-10-23T00:00:00Z,6.0,250.0,-5.7435405284881105,249.10925859553268,0.2564594715118895,0.8907414044673203,1
2026,18446829,2025-10-23T00:00:00Z,13.0,253.0,-13.356190300639835,253.0924969420287,-0.3561903006398346,-0.09249694202870273,1
2026,18446830,2025-10-23T01:00:00Z,21.0,237.0,-21.356190300639835,237.62467889557794,-0.3561903006398346,-0.6246788955779436,1
2026,18446831,2025-10-23T02:00:00Z,4.0,236.0,-4.7435405284881105,234.8321590236489,-0.7435405284881105,1.1678409763511013,1
2026,18446832,2025-10-23T02:00:00Z,-4.0,232.0,2.789225650732738,228.8312469176939,-1.210774349267262,3.1687530823060968,1
2026,18446833,2025-10-23T23:30:00Z,-6.0,276.0,4.1327707084194945,277.67699312068686,-1.8672292915805055,-1.6769931206868591,1
2026,18446834,2025-10-24T02:00:00Z,6.0,268.0,-6.8297376909561,264.4553748074343,-0.8297376909561001,3.544625192565718,1
2026,18446835,2025-10-24T23:30:00Z,10.0,200.0,-9.547499431724997,193.99391964709048,0.45250056827500273,6.006080352909521,1
2026,18446836,2025-10-25T02:00:00Z,18.0,238.0,-17.758029112394926,238.39800657878092,0.24197088760507413,-0.3980065787809224,1
2026,18446837,2025-10-24T23:00:00Z,-4.0,218.0,3.321499937016473,215.41141438531778,-0.6785000629835269,2.5885856146822164,1
2026,18446838,2025-10-24T23:30:00Z,-7.0,255.0,6.793182860127713,254.22011306597935,-0.20681713987228711,0.7798869340206522,1
2026,18446839,2025-10-24T22:30:00Z,-6.0,238.0,3.0216484157544414,239.51223736017008,-2.9783515842455586,-1.5122373601700758,1
2026,18446840,2025-10-25T00:00:00Z,-4.0,226.0,4.70335932625734,227.5452335146795,0.7033593262573401,-1.545233514679495,1
2026,18446841,2025-10-25T00:00:00Z,-32.0,260.0,31.83419234051991,258.17610652643276,-0.16580765948009102,1.8238934735672387,1
2026,18446842,2025-10-25T00:00:00Z,-4.0,236.0,3.0641014700617597,237.43419721810847,-0.9358985299382403,-1.4341972181084657,1
2026,18446843,2025-10-25T00:30:00Z,-10.0,224.0,9.918020897887688,224.27626620018862,-0.08197910211231196,-0.2762662001886156,1
2026,18446844,2025-10-25T02:00:00Z,20.0,258.0,-18.680994747323222,258.02324613457364,1.319005252676778,-0.023246134573639665,1
2026,18446845,2025-10-25T02:00:00Z,1.0,209.0,0.9089080032192369,214.88586524744446,1.908908003219237,-5.885865247444457,0
2026,18446846,2025-10-25T02:30:00Z,27.0,231.0,-27.104951587637046,231.65413562547948,-0.10495158763704637,-0.6541356254794835,1
2026,18446847,2025-10-25T23:00:00Z,-12.0,208.0,12.316515503636074,185.87457609999814,0.31651550363607406,22.125423900001863,1
2026,18446848,2025-10-25T23:30:00Z,-17.0,217.0,16.609346373281483,213.24509669828947,-0.39065362671851744,3.7549033017105273,1
2026,18446849,2025-10-25T23:30:00Z,4.0,246.0,-4.2730695740115205,244.40183797621745,-0.27306957401152054,1.5981620237825496,1
2026,18446850,2025-10-26T00:00:00Z,25.0,231.0,-24.500269449213288,229.55927581026575,0.4997305507867118,1.4407241897342544,1
2026,18446851,2025-10-26T01:00:00Z,22.0,244.0,-22.120805552683652,244.65274334570915,-0.12080555268365245,-0.6527433457091547,1
2026,18446852,2025-10-26T18:00:00Z,11.0,225.0,-12.705089897650163,225.81133278636267,-1.7050898976501632,-0.8113327863626694,1
2026,18446853,2025-10-26T19:30:00Z,6.0,232.0,-6.666547808217598,232.31630874751093,-0.6665478082175982,-0.31630874751093074,1
2026,18446854,2025-10-26T22:00:00Z,5.0,231.0,-4.4817049781162055,232.84310666656464,0.5182950218837945,-1.843106666564637,1
2026,18446855,2025-10-26T22:00:00Z,8.0,222.0,-9.512417553462983,223.06599859684948,-1.5124175534629831,-1.0659985968494823,1
2026,18446856,2025-10-26T22:00:00Z,-26.0,252.0,26.586855315815818,252.21174761165153,0.5868553158158178,-0.211747611651532,1
2026,18446857,2025-10-26T23:00:00Z,4.0,224.0,-3.894954698083869,220.82660788012095,0.10504530191613082,3.173392119879054,1
2026,18446858,2025-10-26T23:30:00Z,10.0,268.0,-10.646487701784128,267.62032141790854,-0.6464877017841282,0.3796785820914579,1
2026,18446859,2025-10-27T01:00:00Z,7.0,221.0,-7.117350714226676,223.2620422567218,-0.11735071422667609,-2.2620422567217986,1
2026,18446860,2025-10-27T01:00:00Z,-7.0,247.0,8.938205192409372,245.86945864361022,1.938205192409372,1.1305413563897844,1
2026,18446861,2025-10-27T23:00:00Z,-21.0,211.0,20.834608146564754,205.87648262991536,-0.16539185343524565,5.123517370084642,1
2026,18446862,2025-10-28T01:30:00Z,-13.0,241.0,13.004379556496833,239.6018901273862,0.004379556496832748,1.3981098726137873,1
2026,18446863,2025-10-27T23:00:00Z,12.0,260.0,-11.30817114886994,258.85490531905157,0.6918288511300599,1.1450946809484321,1
2026,18446864,2025-10-28T00:00:00Z,5.0,251.0,-4.8967699605732244,250.4357212148072,0.10323003942677556,0.5642787851928119,1
2026,18446865,2025-10-28T00:00:00Z,28.0,246.0,-27.988066019085345,242.84742663754744,0.011933980914655251,3.152573362452557,1
2026,18446866,2025-10-28T00:00:00Z,-32.0,212.0,32.950809055821054,204.28671094925485,0.950809055821054,7.713289050745146,1
2026,18446867,2025-10-28T00:00:00Z,18.0,224.0,-19.169078554435533,225.91862732580807,-1.1690785544355329,-1.9186273258080746,1
2026,18446868,2025-10-28T00:30:00Z,-7.0,195.0,5.3149609098536725,227.32003449950187,-1.6850390901463275,-32.32003449950187,1
2026,18446869,2025-10-28T01:00:00Z,4.0,272.0,-3.4099676054297743,271.54939369179965,0.5900323945702257,0.4506063082003493,1
2026,18446870,2025-10-28T02:00:00Z,13.0,249.0,-13.733018873440821,249.10143353952463,-0.7330188734408214,-0.10143353952463485,1
2026,18446871,2025-10-28T02:30:00Z,-14.0,230.0,14.081697500938793,230.9833540325139,0.0816975009387928,-0.983354032513887,1
2026,18446872,2025-10-28T23:00:00Z,-5.0,273.0,4.081594495334594,268.83868835121535,-0.9184055046654063,4.161311648784647,1
2026,18446873,2025-10-28T23:30:00Z,27.0,261.0,-26.88396635162383,260.74395759210296,0.11603364837617036,0.25604240789704136,1
2026,18446874,2025-10-29T00:00:00Z,10.0,232.0,-9.626724383336995,232.25784817482267,0.3732756166630047,-0.2578481748226693,1
2026,18446875,2025-10-29T00:00:00Z,6.0,208.0,-5.905762937466474,202.739920679704,0.0942370625335256,5.260079320296001,1
2026,18446876,2025-10-29T03:00:00Z,19.0,177.0,-19.463579436793733,220.00624167059163,-0.4635794367937329,-43.006241670591635,1
2026,18446877,2025-10-29T23:00:00Z,20.0,230.0,-20.858827812321763,230.20915388134543,-0.8588278123217634,-0.20915388134542923,1
2026,18446878,2025-10-29T23:00:00Z,19.0,251.0,-19.362588091127012,251.51591595190376,-0.3625880911270123,-0.5159159519037644,1
2026,18446879,2025-10-29T23:30:00Z,-5.0,229.0,4.626769786288264,230.11642800445466,-0.3732302137117358,-1.1164280044546615,1
2026,18446880,2025-10-29T22:30:00Z,-18.0,260.0,17.77657574005429,260.7765715123221,-0.22342425994570903,-0.7765715123221071,1
2026,18446881,2025-10-30T00:00:00Z,13.0,239.0,-12.762690471024587,240.0438731926616,0.23730952897541258,-1.0438731926616072,1
2026,18446882,2025-10-30T00:30:00Z,2.0,212.0,-2.4767591450045696,212.70241579461046,-0.4767591450045696,-0.7024157946104594,1
2026,18446883,2025-10-30T01:00:00Z,34.0,210.0,-34.21083423353469,198.9536940897275,-0.21083423353469044,11.046305910272508,1
2026,18446884,2025-10-30T01:00:00Z,-2.0,270.0,2.076262154586555,264.3548613453049,0.07626215458655494,5.645138654695074,1
2026,18446885,2025-10-30T01:30:00Z,-1.0,231.0,1.3154861247905765,234.7112903386841,0.31548612479057647,-3.7112903386841083,1
2026,18446886,2025-10-30T02:00:00Z,-1.0,227.0,1.061919356387154,230.8691746674837,0.06191935638715407,-3.8691746674836907,1
2026,18446887,2025-10-30T23:00:00Z,-16.0,230.0,16.391852465963446,230.93554401308347,0.3918524659634457,-0.9355440130834722,1
2026,18446888,2025-10-31T00:00:00Z,10.0,230.0,-9.006805191889564,231.10719574021823,0.9931948081104363,-1.1071957402182306,1
2026,18446889,2025-10-31T00:00:00Z,19.0,235.0,-19.558639618630743,236.04436532602304,-0.5586396186307425,-1.0443653260230406,1
2026,18446890,2025-10-31T00:30:00Z,6.0,208.0,-7.862953247379904,203.08399029972696,-1.8629532473799042,4.916009700273037,1
2026,18446891,2025-10-31T23:00:00Z,-20.0,236.0,19.829897477802003,237.06567213459607,-0.17010252219799682,-1.0656721345960705,1
2026,18446892,2025-10-31T23:00:00Z,-1.0,217.0,0.07044525782474187,216.06552078987318,-0.9295547421752581,0.934479210126824,1
2026,18446893,2025-10-31T23:30:00Z,-11.0,213.0,10.996123272723489,202.11439378564555,-0.003876727276511005,10.885606214354453,1
2026,18446894,2025-11-01T00:00:00Z,10.0,260.0,-9.762899611161838,258.4108371991125,0.23710038883816154,1.5891628008874932,1
2026,18446895,2025-11-01T01:30:00Z,-5.0,229.0,5.121795868815576,228.55670377000635,0.12179586881557558,0.44329622999364915,1
2026,18446896,2025-11-01T02:00:00Z,22.0,214.0,-22.094004486088537,213.88069859380894,-0.09400448608853651,0.119301406191056,1
2026,18446897,2025-11-01T02:00:00Z,2.0,216.0,-1.7852566144816286,224.58062914229478,0.21474338551837135,-8.580629142294782,1
2026,18446898,2025-11-01T02:30:00Z,2.0,250.0,-1.4199569831638987,248.0630084709333,0.5800430168361013,1.9369915290666881,1
2026,18446899,2025-11-01T21:00:00Z,-2.0,268.0,2.947392782546409,266.3384574740529,0.9473927825464088,1.661542525947084,1
2026,18446900,2025-11-01T22:00:00Z,-17.0,227.0,17.156190286149823,225.68420997485555,0.15619028614982255,1.3157900251444516,1
2026,18446901,2025-11-01T23:00:00Z,5.0,223.0,-4.369604670154668,222.11480697001826,0.6303953298453324,0.8851930299817354,1
2026,18446902,2025-11-01T23:00:00Z,-31.0,219.0,31.38334736115896,221.0684403204467,0.38334736115896106,-2.0684403204467117,1
2026,18446903,2025-11-02T00:00:00Z,-27.0,229.0,27.081857543368546,227.08199364871533,0.081857543368546,1.9180063512846743,1
2026,18446904,2025-11-02T02:00:00Z,12.0,232.0,-11.501442331856431,233.88691460330227,0.49855766814356883,-1.886914603302273,1
2026,18446905,2025-11-02T20:30:00Z,31.0,243.0,-30.773617711260897,242.8435409478015,0.22638228873910293,0.15645905219849965,1
2026,18446906,2025-11-02T23:00:00Z,-24.0,234.0,23.441984169008755,234.8694187461472,-0.5580158309912449,-0.869418746147204,1
2026,18446907,2025-11-02T23:00:00Z,23.0,229.0,-22.882139407590035,229.38742509449426,0.11786059240996494,-0.38742509449426166,1
2026,18446908,2025-11-02T23:00:00Z,8.0,226.0,-7.940961661555271,225.25537455480563,0.05903833844472928,0.744625445194373,1
2026,18446909,2025-11-02T23:00:00Z,13.0,221.0,-13.092327916736787,220.26068009897125,-0.09232791673678697,0.7393199010287503,1
2026,18446910,2025-11-03T00:00:00Z,12.0,244.0,-12.628524197219495,243.64547967884636,-0.6285241972194946,0.3545203211536432,1
2026,18446911,2025-11-03T01:00:00Z,12.0,248.0,-12.001813687263356,248.4814529177384,-0.0018136872633558454,-0.4814529177384088,1
2026,18446912,2025-11-03T02:30:00Z,10.0,250.0,-10.659024366635116,250.1821335391206,-0.6590243666351157,-0.18213353912059915,1
2026,18446913,2025-11-04T00:00:00Z,-16.0,234.0,16.464854137377962,233.1317581547804,0.4648541373779622,0.8682418452195861,1
2026,18446914,2025-11-04T00:00:00Z,-2.0,232.0,2.4632774524151153,225.87287676342766,0.4632774524151153,6.127123236572345,1
2026,18446915,2025-11-04T00:30:00Z,-2.0,208.0,1.7372233315353878,204.8495258845717,-0.26277666846461223,3.1504741154282954,1
2026,18446916,2025-11-04T00:30:00Z,17.0,221.0,-17.27543536448498,221.79357907223684,-0.27543536448498074,-0.7935790722368381,1
2026,18446917,2025-11-04T01:00:00Z,8.0,212.0,-7.598356943783173,213.15223750534264,0.4016430562168267,-1.1522375053426401,1
2026,18446918,2025-11-04T01:00:00Z,-8.0,220.0,8.050087915396288,218.4205165127651,0.050087915396288096,1.57948348723491,1
2026,18446919,2025-11-04T02:00:00Z,6.0,254.0,-6.244941687031183,253.40249030155155,-0.2449416870311829,0.597509698448448,1
2026,18446920,2025-11-04T03:00:00Z,-8.0,238.0,7.867129552811148,237.4909267124977,-0.13287044718885177,0.5090732875023036,1
2026,18446921,2025-11-04T03:30:00Z,-1.0,239.0,1.2878471698784286,239.75648414507552,0.2878471698784286,-0.7564841450755182,1
2026,18446922,2025-11-05T00:30:00Z,28.0,228.0,-27.38042829052619,227.49642187316684,0.61957170947381,0.5035781268331618,1
2026,18446923,2025-11-05T01:00:00Z,15.0,239.0,-14.895465454822505,239.37902702295418,0.10453454517749527,-0.3790270229541761,1
2026,18446924,2025-11-05T01:00:00Z,2.0,224.0,-2.7112246439520424,221.15551561397552,-0.7112246439520424,2.844484386024476,1
2026,18446925,2025-11-05T01:00:00Z,4.0,228.0,-2.882356808029945,234.35215962491105,1.1176431919700551,-6.352159624911053,1
2026,18446926,2025-11-05T03:00:00Z,11.0,225.0,-10.94581586183052,225.56626714188724,0.054184138169480534,-0.5662671418872378,1
2026,18446927,2025-11-05T04:00:00Z,-19.0,233.0,18.988248297278254,232.94818027421263,-0.011751702721745971,0.05181972578736804,1
2026,18446928,2025-11-06T00:00:00Z,11.0,253.0,-11.071437728089823,252.11056438938635,-0.07143772808982263,0.8894356106136456,1
2026,18446929,2025-11-06T00:00:00Z,11.0,217.0,-11.078794787842789,216.0874593885706,-0.0787947878427886,0.9125406114293924,1
2026,18446930,2025-11-06T00:00:00Z,-9.0,215.0,9.556113854476958,212.5033095370196,0.5561138544769584,2.4966904629804105,1
2026,18446931,2025-11-06T00:30:00Z,29.0,243.0,-28.98611295096159,242.0082333714139,0.013887049038409316,0.991766628586106,1
2026,18446932,2025-11-06T00:30:00Z,23.0,251.0,-21.85859154214268,249.78591624434696,1.1414084578573203,1.2140837556530357,1
2026,18446933,2025-11-06T01:00:00Z,-15.0,233.0,14.541282711855207,233.03581948321053,-0.4587172881447934,-0.03581948321053119,1
2026,18446934,2025-11-06T01:30:00Z,-2.0,200.0,1.8436931425565866,248.94776101700066,-0.15630685744341344,-48.94776101700066,1
2026,18446935,2025-11-06T02:00:00Z,10.0,234.0,-10.298183764419417,233.85895049335411,-0.2981837644194165,0.141049506645885,1
2026,18446936,2025-11-06T03:00:00Z,2.0,234.0,-2.1731050243974854,232.54854530889304,-0.17310502439748543,1.4514546911069601,1
2026,18446937,2025-11-06T03:00:00Z,2.0,240.0,-1.9998116382905704,238.6551532210265,0.0001883617094295964,1.3448467789735048,1
2026,18446938,2025-11-06T03:00:00Z,5.0,237.0,-5.243046465216187,235.95968450551044,-0.243046465216187,1.0403154944895618,1
2026,18446939,2025-11-07T02:00:00Z,13.0,217.0,-12.86255754405011,218.65503645529364,0.13744245594988946,-1.65503645529364,1
2026,18446940,2025-11-08T00:00:00Z,13.0,233.0,-11.194684354886023,242.31132212324925,1.8053156451139767,-9.311322123249255,1
2026,18446941,2025-11-08T00:00:00Z,-33.0,263.0,33.66976384853098,261.84068370888906,0.6697638485309767,1.1593162911109403,1
2026,18446942,2025-11-08T00:30:00Z,-12.0,206.0,11.470426662370505,213.61065037730256,-0.5295733376294951,-7.610650377302562,1
2026,18446943,2025-11-08T00:30:00Z,-18.0,232.0,18.545976276963966,231.2151164373691,0.545976276963966,0.7848835626309096,1
2026,18446944,2025-11-08T00:30:00Z,11.0,231.0,-10.131685525393253,230.14879248609327,0.8683144746067466,0.8512075139067292,1
2026,18446945,2025-11-08T01:00:00Z,18.0,234.0,-18.516804463803233,233.64426053415616,-0.5168044638032327,0.35573946584383975,1
2026,18446946,2025-11-08T01:00:00Z,14.0,222.0,-14.493417980942244,222.15474515495745,-0.4934179809422439,-0.15474515495745322,1
2026,18446947,2025-11-08T01:00:00Z,16.0,236.0,-15.70835688313282,234.2277218760754,0.2916431168671796,1.7722781239245933,1
2026,18446948,2025-11-08T01:00:00Z,40.0,234.0,-39.70074641015322,234.13015273218952,0.29925358984677786,-0.13015273218951506,1
2026,18446949,2025-11-08T03:00:00Z,25.0,233.0,-24.960171783951075,233.2816685311115,0.0398282160489245,-0.2816685311115066,1
2026,18446950,2025-11-08T03:00:00Z,-31.0,233.0,31.081647342055355,233.9846939068478,0.08164734205535495,-0.9846939068478093,1
2026,18446951,2025-11-09T00:00:00Z,-6.0,216.0,5.912204814283776,217.80416238972288,-0.08779518571622358,-1.804162389722876,1
2026,18446952,2025-11-09T00:30:00Z,10.0,250.0,-9.577265220973047,250.9217927259664,0.42273477902695333,-0.9217927259664123,1
2026,18446953,2025-11-09T01:00:00Z,20.0,224.0,-20.837379165900217,223.778130718976,-0.8373791659002165,0.2218692810239986,1
2026,18446954,2025-11-09T01:00:00Z,6.0,250.0,-5.607733668918462,250.3556514045045,0.3922663310815384,-0.35565140450449917,1
2026,18446955,2025-11-09T01:00:00Z,5.0,267.0,-7.46591287445672,267.4779755355211,-2.46591287445672,-0.47797553552112504,1
2026,18446956,2025-11-09T01:00:00Z,7.0,245.0,-6.644136133779588,243.17105945688542,0.3558638662204121,1.8289405431145838,1
2026,18446957,2025-11-09T02:00:00Z,17.0,217.0,-17.38568297917108,216.52701498151444,-0.3856829791710794,0.4729850184855593,1
2026,18446958,2025-11-09T03:30:00Z,-11.0,217.0,10.997399647548903,220.01160653664937,-0.00260035245109691,-3.011606536649367,1
2026,18446959,2025-11-09T20:30:00Z,-7.0,237.0,6.471790883353561,237.3266190494882,-0.5282091166464387,-0.3266190494881869,1
2026,18446960,2025-11-09T23:00:00Z,36.0,232.0,-35.32491648255714,233.80583360157104,0.6750835174428573,-1.8058336015710381,1
2026,18446961,2025-11-09T23:00:00Z,-4.0,218.0,2.9253993862850702,217.53105958551873,-1.0746006137149298,0.468940414481267,1
2026,18446962,2025-11-09T23:00:00Z,-14.0,214.0,13.708179056876709,216.90385337756135,-0.291820943123291,-2.9038533775613473,1
2026,18446963,2025-11-10T00:30:00Z,-3.0,219.0,3.2656200573803287,219.2354261744191,0.2656200573803287,-0.23542617441910352,1
2026,18446964,2025-11-10T01:30:00Z,31.0,197.0,-31.192550391539353,240.015002283878,-0.19255039153935272,-43.015002283878005,1
2026,18446965,2025-11-10T02:00:00Z,-27.0,261.0,27.322836602068044,259.6033796733504,0.322836602068044,1.3966203266496109,1
2026,18446966,2025-11-11T00:00:00Z,-10.0,232.0,9.905013783036358,229.77369882440212,-0.09498621696364218,2.2263011755978823,1
2026,18446967,2025-11-11T00:00:00Z,2.0,272.0,-2.6987662032639634,271.91927473208654,-0.6987662032639634,0.0807252679134649,1
2026,18446968,2025-11-11T00:00:00Z,3.0,227.0,-3.076557877875573,242.1836583166681,-0.07655787787557289,-15.183658316668101,1
2026,18446969,2025-11-11T00:30:00Z,2.0,278.0,-3.0643922361718645,268.8172163628631,-1.0643922361718645,9.182783637136879,1
2026,18446970,2025-11-11T01:00:00Z,-4.0,238.0,4.625777072867406,237.78782894729866,0.6257770728674057,0.2121710527013363,1
2026,18446971,2025-11-11T01:30:00Z,-2.0,230.0,2.2121890223600618,226.3173447643538,0.21218902236006176,3.6826552356461946,1
2026,18446972,2025-11-11T02:00:00Z,23.0,219.0,-23.405933004507176,219.56272713693608,-0.40593300450717607,-0.5627271369360756,1
2026,18446973,2025-11-11T02:00:00Z,-7.0,233.0,6.886964544715072,230.96427185673897,-0.11303545528492798,2.035728143261025,1
2026,18446974,2025-11-11T03:30:00Z,-3.0,207.0,3.4744023533965347,207.7277998693886,0.4744023533965347,-0.7277998693886047,1
2026,18446975,2025-11-12T00:30:00Z,-10.0,228.0,9.121262160659168,227.53141063250192,-0.8787378393408325,0.4685893674980832,1
2026,18446976,2025-11-12T00:30:00Z,13.0,253.0,-15.522085229286233,253.19682047523372,-2.5220852292862332,-0.19682047523372148,1
2026,18446977,2025-11-12T01:00:00Z,2.0,202.0,-2.825661458568417,209.9092521972799,-0.8256614585684172,-7.909252197279898,1
2026,18446978,2025-11-12T01:00:00Z,24.0,228.0,-25.750775336571724,228.01887077073926,-1.7507753365717242,-0.01887077073925525,1
2026,18446979,2025-11-12T02:00:00Z,24.0,280.0,-23.461192722169205,278.1784999146358,0.5388072778307951,1.821500085364221,1
2026,18446980,2025-11-12T04:00:00Z,-14.0,230.0,13.016874693843109,231.7560421660981,-0.9831253061568912,-1.7560421660980978,1
2026,18446981,2025-11-13T00:00:00Z,11.0,211.0,-11.172316093528403,212.40863801395002,-0.17231609352840316,-1.408638013950025,1
2026,18446982,2025-11-13T00:00:00Z,11.0,237.0,-10.975057661429586,235.96287690534007,0.024942338570413725,1.0371230946599326,1
2026,18446983,2025-11-13T00:00:00Z,-17.0,231.0,13.074724494169203,229.91830297380582,-3.925275505830797,1.0816970261941776,1
2026,18446984,2025-11-13T00:30:00Z,36.0,226.0,-34.207090556483365,224.8539011177704,1.7929094435166348,1.1460988822296088,1
2026,18446985,2025-11-13T00:30:00Z,-14.0,246.0,14.0158914319678,246.33205057723382,0.015891431967800074,-0.33205057723381515,1
2026,18446986,2025-11-13T01:00:00Z,23.0,247.0,-23.43327500400862,247.58008675654568,-0.43327500400862107,-0.5800867565456826,1
2026,18446987,2025-11-13T01:00:00Z,-8.0,242.0,8.231584468732215,241.45066305223895,0.2315844687322155,0.5493369477610486,1
2026,18446988,2025-11-13T01:00:00Z,-5.0,245.0,0.9988848473103182,248.5313292331192,-4.001115152689682,-3.5313292331192088,1
2026,18446989,2025-11-13T01:30:00Z,-9.0,237.0,8.714488957639826,236.92963993963488,-0.28551104236017366,0.07036006036511822,1
2026,18446990,2025-11-13T02:30:00Z,29.0,213.0,-32.815352715745576,206.16322208180418,-3.8153527157455756,6.836777918195821,1
2026,18446991,2025-11-13T03:00:00Z,-33.0,233.0,33.044366464392425,233.46087572570332,0.04436646439242509,-0.4608757257033176,1
2026,18446992,2025-11-13T03:30:00Z,-14.0,246.0,14.842857788233246,244.46415366313266,0.8428577882332462,1.535846336867337,1
2026,18446993,2025-11-14T00:00:00Z,-13.0,239.0,13.287423156624078,240.0045984939718,0.2874231566240777,-1.0045984939717982,1
2026,18446994,2025-11-14T02:00:00Z,35.0,231.0,-35.027676509466694,231.17802662425066,-0.0276765094666942,-0.17802662425066273,1
2026,18446995,2025-11-14T02:00:00Z,-10.0,254.0,9.991454069349057,252.89475479018787,-0.008545930650942779,1.105245209812125,1
2026,18446996,2025-11-15T00:00:00Z,8.0,272.0,-8.036748683819683,271.7984889599832,-0.03674868381968288,0.20151104001678277,1
2026,18446997,2025-11-15T00:00:00Z,7.0,203.0,-6.802230603487338,197.70491280289326,0.1977693965126619,5.295087197106739,1
2026,18446998,2025-11-15T00:30:00Z,9.0,219.0,-9.254279072643918,218.17933796386546,-0.2542790726439179,0.8206620361345358,1
2026,18446999,2025-11-15T01:00:00Z,24.0,256.0,-24.405165205954432,255.72121109536002,-0.4051652059544324,0.2787889046399812,1
2026,18447000,2025-11-15T01:00:00Z,13.0,281.0,-13.267464878936796,278.7892918220196,-0.2674648789367957,2.2107081779803934,1
2026,18447001,2025-11-15T01:00:00Z,14.0,234.0,-13.576001077679855,233.8261329536918,0.4239989223201448,0.17386704630820304,1
2026,18447002,2025-11-15T01:00:00Z,-14.0,222.0,14.387497734047868,222.18328397019982,0.3874977340478676,-0.1832839701998239,1
2026,18447003,2025-11-15T01:30:00Z,-6.0,260.0,6.518280924581084,262.65354271093287,0.5182809245810844,-2.653542710932868,1
2026,18447004,2025-11-15T02:30:00Z,-1.0,217.0,0.681991840246555,244.5047417572651,-0.318008159753445,-27.504741757265094,1
2026,18447005,2025-11-15T22:00:00Z,8.0,208.0,-7.92740321619728,210.34514409515836,0.07259678380272039,-2.3451440951583606,1
2026,18447006,2025-11-16T00:00:00Z,-13.0,205.0,13.725871059882476,194.93418696053448,0.7258710598824756,10.065813039465525,1
2026,18447007,2025-11-16T00:00:00Z,-18.0,240.0,18.05758215271207,240.23022525273157,0.05758215271206879,-0.23022525273157157,1
2026,18447008,2025-11-16T01:00:00Z,-24.0,214.0,23.7832695138888,211.24355735601455,-0.21673048611119938,2.7564426439854515,1
2026,18447009,2025-11-16T01:00:00Z,-11.0,235.0,11.133813837156294,234.34858875445042,0.13381383715629447,0.651411245549582,1
2026,18447010,2025-11-16T20:30:00Z,3.0,239.0,-2.6988400377392203,237.83496823143307,0.3011599622607797,1.1650317685669336,1
2026,18447011,2025-11-16T21:00:00Z,13.0,233.0,-12.866396168020923,231.26962731860272,0.13360383197907666,1.7303726813972844,1
2026,18447012,2025-11-16T23:00:00Z,-23.0,235.0,20.12284393032332,234.97542347519425,-2.87715606967668,0.024576524805752342,1
2026,18447013,2025-11-17T00:00:00Z,4.0,230.0,-3.944517005260134,212.15440443939104,0.055482994739866065,17.845595560608956,1
2026,18447014,2025-11-17T00:00:00Z,-18.0,230.0,18.035019166790363,228.29142503421423,0.03501916679036299,1.7085749657857718,1
2026,18447015,2025-11-17T00:30:00Z,5.0,271.0,-4.907142751986162,271.58407122479156,0.09285724801383832,-0.5840712247915576,1
2026,18447016,2025-11-17T01:00:00Z,-2.0,246.0,0.8896284948098288,242.60410165899108,-1.1103715051901712,3.395898341008916,1
2026,18447017,2025-11-17T01:00:00Z,3.0,297.0,-2.4053393996340295,295.2204202418859,0.5946606003659705,1.779579758114096,1
2026,18447018,2025-11-18T00:00:00Z,12.0,224.0,-12.107251149669585,224.99600657116835,-0.10725114966958493,-0.9960065711683512,1
2026,18447019,2025-11-18T00:00:00Z,15.0,239.0,-14.854477397342752,239.14873608573998,0.14552260265724826,-0.14873608573998354,1
2026,18447020,2025-11-18T00:00:00Z,2.0,218.0,-2.0836319705362083,215.05110662595337,-0.0836319705362083,2.9488933740466337,1
2026,18447021,2025-11-18T00:30:00Z,2.0,228.0,-1.6992447204821892,232.99157652066657,0.3007552795178108,-4.99157652066657,1
2026,18447022,2025-11-18T00:30:00Z,2.0,218.0,-1.773833446430738,211.5473846178282,0.22616655356926207,6.452615382171814,1
2026,18447023,2025-11-18T01:00:00Z,24.0,216.0,-23.7515958017165,215.92895245907775,0.2484041982834988,0.07104754092225107,1
2026,18447024,2025-11-18T01:00:00Z,-17.0,235.0,17.366126890571092,234.03051538078063,0.36612689057109193,0.9694846192193722,1
2026,18447025,2025-11-18T02:00:00Z,-3.0,257.0,-3.374413689514805,270.9361869427049,-6.374413689514805,-13.936186942704921,0
2026,18447026,2025-11-19T00:00:00Z,8.0,234.0,-8.438968715799167,233.47174577961394,-0.43896871579916663,0.5282542203860601,1
2026,18447027,2025-11-19T00:30:00Z,-14.0,212.0,15.3735883762903,204.8834986530046,1.3735883762903,7.116501346995392,1
2026,18447028,2025-11-19T00:30:00Z,-8.0,232.0,8.088574691551058,233.09279695462286,0.08857469155105768,-1.0927969546228553,1
2026,18447029,2025-11-19T01:00:00Z,10.0,212.0,-8.79222108116763,211.9842194790548,1.2077789188323695,0.01578052094521354,1
2026,18447030,2025-11-19T03:30:00Z,14.0,266.0,-14.511753169364649,266.4968846606432,-0.5117531693646491,-0.496884660643218,1
2026,18447031,2025-11-19T04:00:00Z,-17.0,237.0,17.143669604337305,239.02119297016247,0.1436696043373047,-2.021192970162474,1
2026,18447032,2025-11-20T00:00:00Z,-10.0,218.0,10.311867341100456,214.63027023240616,0.3118673411004558,3.3697297675938387,1
2026,18447033,2025-11-20T00:00:00Z,9.0,245.0,-9.214249163106903,245.35887324445181,-0.21424916310690278,-0.35887324445181434,1
2026,18447034,2025-11-20T00:30:00Z,14.0,206.0,-13.881927814520797,203.45162872753787,0.11807218547920328,2.548371272462134,1
2026,18447035,2025-11-20T00:00:00Z,-9.0,233.0,9.15869950852936,233.34502554173207,0.15869950852935943,-0.34502554173207045,1
2026,18447036,2025-11-20T01:00:00Z,11.0,229.0,-11.356577878908594,229.11669735203634,-0.3565778789085936,-0.11669735203633991,1
2026,18447037,2025-11-20T01:00:00Z,-7.0,243.0,7.3686138980152975,243.45266857978623,0.36861389801529754,-0.4526685797862342,1
2026,18447038,2025-11-20T01:00:00Z,14.0,212.0,-16.61659557910587,213.10914650369102,-2.6165955791058693,-1.1091465036910222,1
2026,18447039,2025-11-20T02:30:00Z,-2.0,224.0,2.5305668742767,220.44009416444678,0.5305668742766998,3.5599058355532236,1
2026,18447040,2025-11-20T03:00:00Z,-1.0,243.0,0.6486322201814039,238.14836113257698,-0.3513677798185961,4.85163886742302,1
2026,18447041,2025-11-21T00:00:00Z,28.0,230.0,-28.478531678721097,229.3085965668918,-0.47853167872109736,0.6914034331082064,1
2026,18447042,2025-11-21T01:00:00Z,41.0,233.0,-41.74804716080303,233.33282867046424,-0.7480471608030328,-0.33282867046423803,1
2026,18447043,2025-11-21T01:00:00Z,-9.0,237.0,8.284056309276949,236.33606395376833,-0.7159436907230514,0.6639360462316688,1
2026,18447044,2025-11-21T01:00:00Z,9.0,261.0,-9.328340413795823,260.23271396538235,-0.32834041379582324,0.7672860346176549,1
2026,18447045,2025-11-22T00:00:00Z,11.0,229.0,-11.317524055659732,230.3133112614895,-0.31752405565973163,-1.3133112614895026,1
2026,18447046,2025-11-22T00:30:00Z,-8.0,218.0,8.059471749422274,217.5127422687494,0.059471749422273845,0.4872577312505939,1
2026,18447047,2025-11-22T00:30:00Z,30.0,250.0,-29.528115168820268,248.36880941687943,0.47188483117973234,1.6311905831205706,1
2026,18447048,2025-11-22T01:00:00Z,-36.0,250.0,36.15917989385797,249.63593121842695,0.15917989385796716,0.364068781573053,1
2026,18447049,2025-11-22T01:30:00Z,3.0,233.0,-1.951435234284666,234.3538659946186,1.048564765715334,-1.3538659946185874,1
2026,18447050,2025-11-22T02:00:00Z,1.0,227.0,0.11120097977590593,230.34690454309816,1.111200979775906,-3.3469045430981623,0
2026,18447051,2025-11-22T02:30:00Z,-3.0,221.0,2.6481264371631816,207.18401943155703,-0.35187356283681837,13.815980568442967,1
2026,18447052,2025-11-22T03:00:00Z,-32.0,256.0,32.07840269384083,258.8609124335256,0.07840269384082887,-2.860912433525584,1
2026,18447053,2025-11-22T03:00:00Z,-4.0,250.0,3.736270558484762,248.3294010985004,-0.2637294415152378,1.670598901499602,1
2026,18447054,2025-11-22T18:00:00Z,-15.0,247.0,15.365311036866045,246.5816761187049,0.3653110368660446,0.4183238812950947,1
2026,18447055,2025-11-22T22:00:00Z,12.0,254.0,-7.758793987202216,252.70116834820814,4.241206012797784,1.2988316517918577,1
2026,18447056,2025-11-23T00:00:00Z,-17.0,213.0,12.435803362654074,210.85647765360244,-4.564196637345926,2.1435223463975603,1
2026,18447057,2025-11-23T01:00:00Z,1.0,241.0,-9.04475391335666,242.83199407167905,-8.04475391335666,-1.8319940716790484,1
2026,18447058,2025-11-23T01:00:00Z,-13.0,245.0,10.36588006636376,245.39434831460017,-2.6341199336362404,-0.3943483146001654,1
2026,18447059,2025-11-23T01:30:00Z,-6.0,198.0,1.8516413580629614,229.78095230025318,-4.148358641937039,-31.780952300253176,1
2026,18447060,2025-11-23T03:00:00Z,-5.0,251.0,5.257371119170012,247.6113532038895,0.25737111917001165,3.3886467961104927,1
2026,18447061,2025-11-23T18:00:00Z,-10.0,244.0,9.853615663565275,244.74643536490336,-0.14638433643472482,-0.7464353649033626,1
2026,18447062,2025-11-23T23:00:00Z,3.0,223.0,-2.903236656706816,224.22883650113224,0.09676334329318381,-1.2288365011322355,1
2026,18447063,2025-11-23T23:00:00Z,9.0,267.0,-9.228629117642349,267.64845890346476,-0.22862911764234894,-0.648458903464757,1
2026,18447064,2025-11-23T23:00:00Z,15.0,225.0,-14.786541940738237,224.1627602493992,0.21345805926176276,0.8372397506007871,1
2026,18447065,2025-11-23T23:00:00Z,10.0,228.0,-9.00307747575248,230.7641442911667,0.9969225242475197,-2.7641442911667014,1
2026,18447066,2025-11-24T00:00:00Z,27.0,217.0,-32.67913449895053,219.66830143688068,-5.679134498950532,-2.6683014368806823,1
2026,18447067,2025-11-24T01:00:00Z,9.0,213.0,-9.179427742434594,212.8475983055072,-0.17942774243459425,0.15240169449279506,1
2026,18447068,2025-11-24T01:00:00Z,-2.0,214.0,4.701107714954242,214.10387664947646,2.701107714954242,-0.10387664947646158,1
2026,18447069,2025-11-25T00:00:00Z,-5.0,239.0,5.029606825942876,240.15098648027814,0.029606825942876114,-1.150986480278135,1
2026,18447070,2025-11-25T00:00:00Z,11.0,209.0,-10.86694358122493,210.66851897781407,0.13305641877506957,-1.6685189778140739,1
2026,18447071,2025-11-25T00:30:00Z,-13.0,213.0,12.945158425680454,214.43299484620857,-0.05484157431954628,-1.4329948462085724,1
2026,18447072,2025-11-25T00:30:00Z,4.0,208.0,-4.414731272545654,217.4910467589316,-0.41473127254565423,-9.491046758931589,1
2026,18447073,2025-11-25T01:00:00Z,-10.0,240.0,10.208685649579735,239.61420517931518,0.2086856495797349,0.38579482068482207,1
2026,18447074,2025-11-25T01:00:00Z,-12.0,218.0,11.690167986011117,213.88167209608793,-0.30983201398888305,4.118327903912075,1
2026,18447075,2025-11-25T01:00:00Z,13.0,273.0,-12.82484813149634,275.2508269686275,0.1751518685036597,-2.250826968627507,1
2026,18447076,2025-11-25T02:30:00Z,-22.0,206.0,21.369570877864486,201.50924010335092,-0.6304291221355136,4.490759896649081,1
2026,18447077,2025-11-25T03:00:00Z,17.0,251.0,-16.9711556844399,250.60081485625105,0.028844315560100142,0.39918514374895153,1
2026,18447078,2025-11-25T03:00:00Z,5.0,229.0,-4.613259538200937,228.10099567904032,0.38674046179906263,0.8990043209596763,1
2026,18447079,2025-11-26T00:00:00Z,19.0,245.0,-20.77784272145786,246.46370945285867,-1.7778427214578585,-1.4637094528586658,1
2026,18447080,2025-11-26T01:00:00Z,-41.0,247.0,40.90431796624881,247.1682285581837,-0.09568203375118856,-0.1682285581836993,1
2026,18447081,2025-11-26T04:00:00Z,17.0,253.0,-17.045435583166142,255.49601048959352,-0.04543558316614238,-2.496010489593516,1
2026,18447082,2025-11-26T22:00:00Z,3.0,231.0,-2.710775760959271,228.40047623763786,0.2892242390407289,2.5995237623621392,1
2026,18447083,2025-11-27T00:00:00Z,-28.0,230.0,26.644229220892296,227.8341154398009,-1.3557707791077043,2.165884560199089,1
2026,18447084,2025-11-27T00:30:00Z,3.0,209.0,-5.461166392297022,208.19661108352815,-2.461166392297022,0.803388916471846,1
2026,18447085,2025-11-27T00:30:00Z,2.0,192.0,-1.6949617868479911,196.4978617210341,0.30503821315200885,-4.4978617210340985,1
2026,18447086,2025-11-27T00:30:00Z,8.0,218.0,-9.862953247379904,219.11882162029443,-1.8629532473799042,-1.1188216202944261,1
2026,18447087,2025-11-27T01:00:00Z,-5.0,261.0,1.8311285029588849,272.09896835702165,-3.168871497041115,-11.098968357021647,1
2026,18447088,2025-11-27T03:00:00Z,-4.0,204.0,3.325585377075739,200.63324930916298,-0.6744146229242611,3.366750690837023,1
2026,18447089,2025-11-27T03:00:00Z,-13.0,217.0,12.846887288258763,219.00166031452613,-0.15311271174123675,-2.0016603145261342,1
2026,18447090,2025-11-27T03:00:00Z,-12.0,212.0,12.535975738940227,215.02908198197068,0.5359757389402269,-3.029081981970677,1
2026,18447091,2025-11-29T00:30:00Z,7.0,253.0,-7.098765417820704,252.97248043734686,-0.09876541782070358,0.02751956265313993,1
2026,18447092,2025-11-29T00:30:00Z,-12.0,218.0,11.118284842952,210.2196288746768,-0.8817151570479993,7.7803711253231995,1
2026,18447093,2025-11-29T00:30:00Z,7.0,239.0,-6.551889400360654,239.85232572076112,0.44811059963934596,-0.8523257207611152,1
2026,18447094,2025-11-29T00:30:00Z,-3.0,221.0,2.77443280840031,219.83595011041362,-0.2255671915996902,1.16404988958638,1
2026,18447095,2025-11-29T00:30:00Z,33.0,205.0,-32.199277336651086,199.2098875832267,0.800722663348914,5.790112416773297,1
2026,18447096,2025-11-29T00:30:00Z,9.0,227.0,-8.540244963416056,227.8326206622931,0.45975503658394423,-0.8326206622930954,1
2026,18447097,2025-11-29T02:30:00Z,4.0,242.0,-15.819005201355527,239.02315497337167,-11.819005201355527,2.9768450266283253,1
2026,18447098,2025-11-29T02:30:00Z,-3.0,275.0,3.1484040016506785,271.41813527428815,0.14840400165067846,3.5818647257118528,1
2026,18447099,2025-11-29T02:30:00Z,9.0,247.0,-9.254047369525805,242.44572570492497,-0.2540473695258054,4.554274295075032,1
2026,18447100,2025-11-29T03:00:00Z,10.0,248.0,-10.417822932297712,247.184455242917,-0.41782293229771206,0.8155447570829892,1
2026,18447101,2025-11-29T03:00:00Z,-5.0,219.0,5.181149368612883,218.94859969229304,0.1811493686128829,0.05140030770695603,1
2026,18447102,2025-11-29T22:00:00Z,4.0,234.0,-0.44323261207849085,231.32037667818958,3.556767387921509,2.679623321810425,1
2026,18447103,2025-11-29T23:00:00Z,7.0,229.0,-6.565325470511732,229.50811256055934,0.4346745294882677,-0.50811256055934,1
2026,18447104,2025-11-30T00:30:00Z,2.0,204.0,-1.7821730609442135,229.76410562629874,0.21782693905578654,-25.764105626298743,1
2026,18447105,2025-11-30T01:00:00Z,-3.0,273.0,3.404530787807559,270.4016787825534,0.404530787807559,2.598321217446596,1
2026,18447106,2025-11-30T01:00:00Z,17.0,215.0,-22.021069283218353,218.30093947492335,-5.0210692832183526,-3.3009394749233536,1
2026,18447107,2025-11-30T01:30:00Z,8.0,200.0,-11.162030064176921,236.46458870489744,-3.1620300641769212,-36.46458870489744,1
2026,18447108,2025-11-30T02:00:00Z,-18.0,242.0,16.33698003509361,243.2875000294718,-1.6630199649063897,-1.2875000294718006,1
2026,18447109,2025-11-30T03:00:00Z,-4.0,224.0,4.143618104519298,224.19097387123324,0.14361810451929813,-0.19097387123323983,1
2026,18447110,2025-11-30T20:00:00Z,-28.0,230.0,16.317033266116,231.10256000690003,-11.682966733884001,-1.1025600069000348,1
2026,18447111,2025-11-30T23:00:00Z,-2.0,232.0,4.3299321280775445,231.79524226005023,2.3299321280775445,0.20475773994976976,1
2026,18447112,2025-11-30T23:00:00Z,22.0,210.0,-21.744095639419058,203.51710084754308,0.2559043605809421,6.482899152456923,1
2026,18447113,2025-11-30T23:00:00Z,-8.0,276.0,7.827979297865015,277.63530352685353,-0.17202070213498466,-1.6353035268535336,1
2026,18447114,2025-11-30T23:00:00Z,-8.0,238.0,8.044464916314464,238.84443034325395,0.04446491631446392,-0.8444303432539471,1
2026,18447115,2025-12-01T00:00:00Z,13.0,237.0,-12.959959099823983,237.97874761347296,0.04004090017601669,-0.9787476134729616,1
2026,18447116,2025-12-01T02:00:00Z,-8.0,222.0,8.027553385689682,222.49222771368366,0.02755338568968213,-0.49222771368366125,1
2026,18447117,2025-12-01T02:30:00Z,12.0,254.0,-12.658905132614876,257.14441031707446,-0.6589051326148763,-3.1444103170744597,1
2026,18447118,2025-12-02T00:00:00Z,1.0,197.0,-6.09796278974771,237.64200543003454,-5.09796278974771,-40.642005430034544,1
2026,18447119,2025-12-02T00:00:00Z,-16.0,254.0,15.67004181905789,256.23498204476056,-0.3299581809421106,-2.2349820447605566,1
2026,18447120,2025-12-02T00:00:00Z,3.0,255.0,-1.8530320132838813,258.1985246873033,1.1469679867161187,-3.1985246873032906,1
2026,18447121,2025-12-02T00:30:00Z,13.0,219.0,-13.110958080432713,218.9956353566397,-0.11095808043271305,0.004364643360304399,1
2026,18447122,2025-12-02T00:30:00Z,17.0,263.0,-15.822548256657136,264.1060228318374,1.1774517433428642,-1.1060228318373788,1
2026,18447123,2025-12-02T00:30:00Z,5.0,245.0,-5.862953247379904,245.41222854060084,-0.8629532473799042,-0.4122285406008359,1
2026,18447124,2025-12-02T02:00:00Z,-10.0,252.0,7.082567007221603,467.09709228368604,-2.917432992778397,-215.09709228368604,1
2026,18447125,2025-12-02T02:00:00Z,8.0,258.0,-7.49936777053564,458.5147260966129,0.5006322294643599,-200.5147260966129,1
2026,18447126,2025-12-02T03:00:00Z,-17.0,233.0,17.362422794062653,428.52827687248543,0.36242279406265254,-195.52827687248543,1
2026,18447127,2025-12-03T00:00:00Z,19.0,223.0,-23.220989331825436,224.84421077449784,-4.220989331825436,-1.8442107744978387,1
2026,18447128,2025-12-03T00:30:00Z,3.0,239.0,-2.8240983541763316,240.02657381288032,0.1759016458236684,-1.026573812880315,1
2026,18447129,2025-12-03T01:00:00Z,6.0,240.0,-5.077420436886258,240.2694237630801,0.9225795631137421,-0.2694237630801126,1
2026,18447130,2025-12-03T01:00:00Z,-7.0,291.0,1.4441883217367155,301.2333451684352,-5.555811678263284,-10.233345168435221,1
2026,18447131,2025-12-03T01:00:00Z,7.0,245.0,-6.682196182287198,245.08355360879878,0.317803817712802,-0.08355360879878049,1
2026,18447132,2025-12-03T04:00:00Z,-12.0,236.0,12.718649119096415,237.87501261824335,0.7186491190964155,-1.8750126182433462,1
2026,18447133,2025-12-04T00:00:00Z,-12.0,232.0,10.144343438351674,232.5217261242904,-1.8556565616483258,-0.5217261242904101,1
2026,18447134,2025-12-04T00:00:00Z,-15.0,255.0,14.757953927542648,255.77409596192217,-0.24204607245735232,-0.7740959619221712,1
2026,18447135,2025-12-04T00:00:00Z,-2.0,226.0,1.9113212288961063,230.090339497502,-0.08867877110389366,-4.090339497501986,1
2026,18447136,2025-12-04T00:30:00Z,-23.0,207.0,22.993263241438857,197.10851072580584,-0.006736758561142864,9.891489274194157,1
2026,18447137,2025-12-04T00:30:00Z,15.0,223.0,-15.945423551119534,222.20490080694594,-0.9454235511195339,0.7950991930540567,1
2026,18447138,2025-12-04T01:00:00Z,-10.0,216.0,12.951711517576815,218.515977764714,2.9517115175768147,-2.5159777647139947,1
2026,18447139,2025-12-04T01:00:00Z,26.0,216.0,-25.170648837957128,217.61059144083077,0.8293511620428724,-1.610591440830774,1
2026,18447140,2025-12-04T01:00:00Z,4.0,222.0,-4.285538474629428,219.899324352893,-0.28553847462942805,2.1006756471070105,1
2026,18447141,2025-12-04T01:30:00Z,10.0,226.0,-9.393153898539104,225.42859120754346,0.6068461014608957,0.5714087924565376,1
2026,18447142,2025-12-05T00:00:00Z,1.0,197.0,-0.27877218401156156,276.0221908158851,0.7212278159884384,-79.0221908158851,1
2026,18447143,2025-12-05T00:00:00Z,-45.0,247.0,40.302512175957744,246.64083279901314,-4.6974878240422555,0.3591672009868603,1
2026,18447144,2025-12-05T00:30:00Z,-13.0,233.0,4.665155694298747,431.7090738115681,-8.334844305701253,-198.7090738115681,1
2026,18447145,2025-12-05T00:30:00Z,-3.0,243.0,-0.7488348842908237,451.45454736337604,-3.7488348842908237,-208.45454736337604,0
2026,18447146,2025-12-05T01:00:00Z,-9.0,241.0,8.624909258441873,446.4850931986298,-0.37509074155812705,-205.48509319862978,1
2026,18447147,2025-12-06T00:00:00Z,21.0,231.0,-22.08451118785457,230.47951546581152,-1.0845111878545701,0.5204845341884834,1
2026,18447148,2025-12-06T00:00:00Z,1.0,211.0,-6.31008020860098,446.659488958158,-5.31008020860098,-235.65948895815802,1
2026,18447149,2025-12-06T00:30:00Z,-1.0,267.0,2.337913687730236,268.0187221465053,1.3379136877302358,-1.0187221465052971,1
2026,18447150,2025-12-06T00:30:00Z,13.0,247.0,-13.810543768506871,247.39206875816575,-0.8105437685068715,-0.39206875816574893,1
2026,18447151,2025-12-06T00:30:00Z,6.0,238.0,-5.952414985445398,239.07874661057403,0.047585014554601734,-1.0787466105740293,1
2026,18447152,2025-12-06T00:30:00Z,34.0,258.0,-33.43979188972762,256.35689641835256,0.5602081102723773,1.6431035816474377,1
2026,18447153,2025-12-06T00:30:00Z,-25.0,197.0,23.599398054635458,237.86835111512602,-1.4006019453645422,-40.86835111512602,1
2026,18447154,2025-12-06T01:00:00Z,-15.0,225.0,15.434081350011052,224.59029549632422,0.4340813500110521,0.40970450367578337,1
2026,18447155,2025-12-06T01:00:00Z,19.0,215.0,-19.42525910260674,214.64911645836827,-0.4252591026067414,0.3508835416317311,1
2026,18447156,2025-12-06T01:00:00Z,9.0,205.0,-8.631978654097399,198.2188248291367,0.3680213459026014,6.781175170863293,1
2026,18447157,2025-12-06T01:00:00Z,-15.0,217.0,15.39036598741856,216.79438517219435,0.3903659874185603,0.20561482780564688,1
2026,18447158,2025-12-06T02:30:00Z,21.0,243.0,-25.29460016724723,242.20628727244284,-4.2946001672472285,0.793712727557164,1
2026,18447159,2025-12-06T22:00:00Z,18.0,220.0,-17.769583381476473,216.36609731606157,0.23041661852352746,3.6339026839384303,1
2026,18447160,2025-12-07T00:00:00Z,-15.0,247.0,14.079814392026046,248.40958777901207,-0.9201856079739539,-1.409587779012071,1
2026,18447161,2025-12-07T00:30:00Z,-5.0,193.0,3.073092538832503,235.6603315152942,-1.926907461167497,-42.66033151529419,1
2026,18447162,2025-12-07T00:30:00Z,12.0,236.0,-12.656868986912963,231.7471062415656,-0.6568689869129631,4.252893758434396,1
2026,18447163,2025-12-07T01:00:00Z,-16.0,238.0,16.31293443036656,237.64684884361964,0.31293443036656043,0.3531511563803633,1
2026,18447164,2025-12-07T01:00:00Z,3.0,215.0,-3.934683680396746,220.11402959064213,-0.9346836803967462,-5.114029590642133,1
2026,18447165,2025-12-07T01:30:00Z,13.0,231.0,-12.208303613934143,233.0152951010143,0.7916963860658566,-2.0152951010142885,1
2026,18447166,2025-12-07T17:00:00Z,6.0,206.0,-9.790491944613938,208.58582772270506,-3.7904919446139385,-2.585827722705062,1
2026,18447167,2025-12-07T20:30:00Z,-8.0,234.0,7.746184397254017,233.67547505603233,-0.25381560274598325,0.32452494396767406,1
2026,18447168,2025-12-07T23:00:00Z,-9.0,221.0,8.909529185087646,221.25117642985444,-0.09047081491235431,-0.2511764298544392,1
2026,18447169,2025-12-07T23:00:00Z,23.0,215.0,-23.101479894477613,212.3649119719905,-0.10147989447761319,2.6350880280095055,1
2026,18447170,2025-12-08T00:00:00Z,-32.0,214.0,31.088487626063397,214.17111528045479,-0.9115123739366027,-0.17111528045478508,1
2026,18447171,2025-12-08T00:30:00Z,-4.0,220.0,3.798214517412128,221.65631728099797,-0.201785482587872,-1.6563172809979676,1
2026,18447172,2025-12-08T01:00:00Z,-30.0,232.0,30.15731428141275,231.29191965584428,0.1573142814127486,0.708080344155718,1
2026,18447173,2025-12-09T00:00:00Z,11.0,221.0,-11.143878386134773,221.3866032671951,-0.143878386134773,-0.3866032671951132,1
2026,18447174,2025-12-09T00:30:00Z,-3.0,213.0,2.31631042888891,215.47562328234247,-0.6836895711110902,-2.475623282342468,1
2026,18447175,2025-12-09T01:00:00Z,-3.0,267.0,3.3846396536467354,263.39288112767787,0.38463965364673536,3.6071188723221326,1
2026,20054033,2025-12-09T23:00:00Z,9.0,225.0,-9.265122408016195,224.71654071245294,-0.2651224080161949,0.2834592875470605,1
2026,20054034,2025-12-10T01:30:00Z,-16.0,218.0,18.034215340555612,419.5147260966129,2.034215340555612,-201.5147260966129,1
2026,20054035,2025-12-11T00:30:00Z,49.0,227.0,-63.07260736559752,431.5391360117419,-14.07260736559752,-204.5391360117419,1
2026,20054036,2025-12-11T03:00:00Z,-13.0,251.0,14.587998326291,459.668506672974,1.5879983262910002,-208.668506672974,1
2026,20054958,2025-12-12T01:00:00Z,2.0,228.0,-2.0121658446575568,226.00222740051524,-0.012165844657556768,1.9977725994847617,1
2026,20054959,2025-12-12T01:00:00Z,15.0,217.0,-14.38338592994239,216.50096697327527,0.6166140700576097,0.4990330267247316,1
2026,20054960,2025-12-12T01:00:00Z,23.0,263.0,-22.083110125007167,263.0217240055642,0.9168898749928331,-0.02172400556418097,1
2026,20054961,2025-12-12T03:00:00Z,-31.0,241.0,29.184646353687455,239.66042232217166,-1.8153536463125448,1.3395776778283448,1
2026,20054962,2025-12-13T00:00:00Z,-3.0,255.0,3.948188896289166,252.94774679466664,0.948188896289166,2.0522532053333578,1
2026,20054963,2025-12-13T00:00:00Z,27.0,257.0,-26.02039788083757,257.43702091239066,0.9796021191624291,-0.43702091239066476,1
2026,20054964,2025-12-13T00:00:00Z,10.0,220.0,-12.53802981022684,430.3097321144691,-2.53802981022684,-210.3097321144691,1
2026,20054965,2025-12-13T00:00:00Z,-4.0,256.0,5.344489852969378,255.73749305654286,1.344489852969378,0.2625069434571401,1
2026,20054966,2025-12-13T01:00:00Z,-4.0,256.0,4.069716753519742,257.7025595757472,0.06971675351974227,-1.702559575747216,1
2026,20054967,2025-12-13T01:30:00Z,8.0,230.0,-7.827447812833883,230.05071257225765,0.17255218716611687,-0.0507125722576518,1
2026,20054968,2025-12-13T03:00:00Z,-7.0,247.0,6.53432879301714,245.9868643974435,-0.4656712069828597,1.0131356025565026,1
2026,20290668,2025-12-13T22:30:00Z,-12.0,252.0,-5.7309036021216375,251.97438393218235,-17.730903602121636,0.025616067817651356,0
2026,20314126,2025-12-14T02:00:00Z,-2.0,220.0,0.8896284948098288,223.20531889084134,-1.1103715051901712,-3.2053188908413404,1
2026,20054969,2025-12-14T20:00:00Z,-19.0,197.0,15.804801384743072,244.7047323412641,-3.1951986152569276,-47.704732341264105,1
2026,20054970,2025-12-14T23:00:00Z,3.0,237.0,-3.120239697246231,235.2246500777731,-0.12023969724623118,1.7753499222268943,1
2026,20054971,2025-12-14T20:30:00Z,-8.0,230.0,6.402920018534058,227.75091211944314,-1.5970799814659422,2.249087880556857,1
2026,20054972,2025-12-14T23:00:00Z,45.0,209.0,-44.57328782383867,211.43457941333534,0.42671217616133106,-2.4345794133353422,1
2026,20054973,2025-12-15T00:00:00Z,14.0,220.0,-14.224077046931791,221.12023471771562,-0.2240770469317912,-1.1202347177156184,1
2026,20054974,2025-12-15T02:00:00Z,5.0,267.0,-4.9825980851336205,267.06835692075225,0.017401914866379542,-0.06835692075225097,1
2026,20054976,2025-12-15T00:00:00Z,-10.0,218.0,9.92569876059778,213.9697485203211,-0.07430123940222089,4.0302514796788955,1
2026,20314134,2025-12-15T01:00:00Z,-2.0,230.0,2.5608011969902984,232.54190256610542,0.5608011969902984,-2.5419025661054206,1
2026,20054975,2025-12-16T00:00:00Z,-7.0,217.0,6.844943062481187,220.05600822304478,-0.1550569375188129,-3.0560082230447847,1
2026,20054977,2025-12-16T02:00:00Z,7.0,273.0,-6.88258648435218,274.3814549424804,0.11741351564782043,-1.3814549424803886,1
2026,20054978,2025-12-16T02:30:00Z,3.0,253.0,-2.495340174120542,254.0151209258955,0.5046598258794579,-1.015120925895502,1
2026,20054979,2025-12-16T03:30:00Z,-18.0,224.0,17.63635348242297,224.51444239650243,-0.36364651757703115,-0.5144423965024316,1
2026,20290680,2025-12-16T00:30:00Z,-10.0,202.0,8.672120478679316,192.61573194889183,-1.3278795213206838,9.384268051108165,1
2026,20377171,2025-12-17T01:30:00Z,11.0,237.0,-12.705089897650163,233.54974571606434,-1.7050898976501632,3.4502542839356636,1
2026,18447176,2025-12-18T01:00:00Z,16.0,238.0,-15.708582997668204,243.07617426175332,0.2914170023317961,-5.076174261753323,1
2026,18447177,2025-12-18T01:00:00Z,-6.0,226.0,6.727220866222273,220.16901423879887,0.7272208662222734,5.830985761201134,1
2026,18447178,2025-12-19T01:00:00Z,21.0,223.0,-17.461579507916255,227.73517915395058,3.5384204920837448,-4.7351791539505825,1
2026,18447179,2025-12-19T01:00:00Z,25.0,213.0,-24.384317678032325,220.73164798351223,0.6156823219676753,-7.731647983512232,1
2026,18447180,2025-12-19T00:00:00Z,7.0,259.0,-5.753416815577303,277.14729537100226,1.2465831844226969,-18.147295371002258,1
2026,18447181,2025-12-19T00:00:00Z,-1.0,227.0,2.2279754775111433,229.82217872742254,1.2279754775111433,-2.822178727422539,1
2026,18447182,2025-12-19T00:30:00Z,-11.0,201.0,7.335460466215698,247.5210287228811,-3.6645395337843016,-46.52102872288111,1
2026,18447183,2025-12-19T01:00:00Z,-6.0,216.0,5.017422826952055,190.74619852455703,-0.9825771730479449,25.25380147544297,1
2026,18447184,2025-12-19T01:00:00Z,5.0,261.0,-0.6882604171168185,257.5560033291327,4.311739582883181,3.443996670867307,1
2026,18447185,2025-12-19T01:30:00Z,2.0,230.0,-3.238485830359117,237.70590278984258,-1.2384858303591169,-7.7059027898425825,1
2026,18447186,2025-12-19T02:00:00Z,11.0,241.0,-10.365253557881607,247.40117639096403,0.6347464421183933,-6.401176390964025,1
2026,18447187,2025-12-19T02:00:00Z,1.0,197.0,0.39413698387351914,283.606453506479,1.3941369838735191,-86.606453506479,0
2026,18447188,2025-12-19T02:00:00Z,-8.0,278.0,3.7510928280125286,268.65629709576615,-4.248907171987471,9.34370290423385,1
2026,18447189,2025-12-19T03:00:00Z,1.0,267.0,-4.476352860857713,281.38521746814575,-3.4763528608577126,-14.385217468145754,1
2026,18447190,2025-12-20T00:00:00Z,13.0,245.0,-18.22787665539628,438.0100498512862,-5.22787665539628,-193.01004985128623,1
2026,18447191,2025-12-20T00:00:00Z,-9.0,223.0,3.7152297392498106,423.5358636667099,-5.284770260750189,-200.53586366670987,1
2026,18447192,2025-12-20T00:30:00Z,-28.0,224.0,28.909508346625053,422.152705817648,0.9095083466250529,-198.15270581764798,1
2026,18447193,2025-12-20T00:30:00Z,-11.0,261.0,10.624909258441873,448.76834967065383,-0.37509074155812705,-187.76834967065383,1
2026,18447194,2025-12-20T02:30:00Z,5.0,219.0,-0.9603081916669107,423.1591682457233,4.039691808333089,-204.15916824572332,1
2026,18447195,2025-12-20T22:00:00Z,-14.0,216.0,13.544849320977175,223.50479193440327,-0.45515067902282524,-7.504791934403272,1
2026,18447196,2025-12-21T00:00:00Z,7.0,235.0,-10.15297027346935,237.71696367695742,-3.15297027346935,-2.7169636769574197,1
2026,18447197,2025-12-21T00:00:00Z,-16.0,208.0,13.042704597515991,217.75731751233803,-2.957295402484009,-9.757317512338034,1
2026,18447198,2025-12-21T00:00:00Z,19.0,237.0,-16.31390654713764,237.70126864460107,2.686093452862359,-0.7012686446010719,1
2026,18447199,2025-12-21T00:30:00Z,26.0,198.0,-25.0281530090079,203.29894950346647,0.9718469909920984,-5.298949503466474,1
2026,18447200,2025-12-21T01:00:00Z,-8.0,252.0,7.998615275876583,251.9636874365171,-0.0013847241234170582,0.0363125634829089,1
2026,18447201,2025-12-21T01:30:00Z,3.0,235.0,-1.5742710630265782,225.40270106108454,1.4257289369734218,9.597298938915458,1
2026,18447202,2025-12-21T02:30:00Z,-1.0,255.0,3.0851700143374843,239.99601538403041,2.0851700143374843,15.003984615969586,1
2026,18447203,2025-12-21T03:00:00Z,-5.0,191.0,3.3149609098536725,246.2060305757472,-1.6850390901463275,-55.20603057574721,1
2026,18447204,2025-12-21T03:30:00Z,15.0,191.0,-9.894833753208871,250.56411557482505,5.1051662467911285,-59.56411557482505,1
2026,18447205,2025-12-21T20:30:00Z,-2.0,302.0,-1.6199132690524785,276.8939584786643,-3.6199132690524785,25.106041521335726,0
2026,18447206,2025-12-21T23:00:00Z,15.0,177.0,-15.359629566419311,235.73277710954613,-0.35962956641931143,-58.732777109546134,1
2026,18447207,2025-12-21T23:00:00Z,7.0,257.0,-6.9915612122780235,255.11537291260166,0.008438787721976482,1.8846270873983428,1
2026,18447208,2025-12-22T00:00:00Z,-11.0,237.0,13.657130138377454,238.6115136072612,2.657130138377454,-1.6115136072612017,1
2026,18447209,2025-12-22T00:00:00Z,3.0,203.0,-4.851325537171103,192.53127945454497,-1.8513255371711033,10.468720545455028,1
2026,18447210,2025-12-22T03:00:00Z,1.0,249.0,1.5506912124270187,240.92845745889025,2.5506912124270187,8.07154254110975,0
2026,18447211,2025-12-23T00:00:00Z,7.0,271.0,-11.027899805797764,267.6109156850599,-4.027899805797764,3.389084314940078,1
2026,18447212,2025-12-23T00:30:00Z,8.0,198.0,-6.1924269266002865,245.62896652055187,1.8075730733997135,-47.62896652055187,1
2026,18447213,2025-12-23T01:00:00Z,6.0,232.0,-10.10328222788328,228.66125662515262,-4.10328222788328,3.3387433748473825,1
2026,18447214,2025-12-23T02:00:00Z,23.0,247.0,-19.100828762942914,247.8266092586378,3.899171237057086,-0.8266092586378022,1
2026,18447215,2025-12-23T02:30:00Z,16.0,222.0,-17.689056881871835,225.4219865602346,-1.689056881871835,-3.4219865602345862,1
2026,18447216,2025-12-23T03:00:00Z,23.0,217.0,-17.250941823849914,210.43214444136717,5.749058176150086,6.567855558632829,1
2026,18447217,2025-12-23T03:00:00Z,-8.0,212.0,8.709049763889485,218.80274833004358,0.7090497638894853,-6.802748330043585,1
2026,18447218,2025-12-24T00:00:00Z,17.0,235.0,-16.52014564980572,235.8613556389533,0.47985435019428024,-0.861355638953313,1
2026,18447219,2025-12-24T00:00:00Z,-8.0,220.0,11.152228609864746,213.51289452797712,3.1522286098647463,6.487105472022876,1
2026,18447220,2025-12-24T00:30:00Z,-3.0,249.0,3.688505514001208,250.6162877172577,0.688505514001208,-1.6162877172577055,1
2026,18447221,2025-12-24T00:30:00Z,23.0,259.0,-26.268830597712704,260.9050571622046,-3.2688305977127037,-1.9050571622046277,1
2026,18447222,2025-12-24T00:30:00Z,-17.0,205.0,16.894368875448222,190.52589634963948,-0.10563112455177759,14.474103650360519,1
2026,18447223,2025-12-24T00:30:00Z,-21.0,203.0,16.918414221543927,187.12770506838936,-4.081585778456073,15.87229493161064,1
2026,18447224,2025-12-24T01:00:00Z,1.0,261.0,0.5056115831841699,256.70881552642635,1.5056115831841699,4.291184473573651,0
2026,18447225,2025-12-24T01:00:00Z,11.0,219.0,-11.765542101936594,214.03513215957477,-0.7655421019365942,4.964867840425228,1
2026,18447226,2025-12-24T01:30:00Z,20.0,240.0,-18.630986443373672,231.32842099902513,1.369013556626328,8.671579000974873,1
2026,18447227,2025-12-24T02:00:00Z,24.0,240.0,-23.90088300030374,243.16579167702213,0.09911699969626042,-3.1657916770221277,1
2026,18447228,2025-12-24T02:00:00Z,-9.0,265.0,10.315474547501545,260.31804295268176,1.3154745475015446,4.681957047318235,1
2026,18447229,2025-12-24T03:00:00Z,-4.0,216.0,2.2160163853391106,211.1614259267126,-1.7839836146608894,4.83857407328739,1
2026,18447230,2025-12-24T03:00:00Z,-9.0,263.0,10.248123064864648,264.0270252436976,1.2481230648646484,-1.027025243697608,1
2026,18447231,2025-12-24T03:30:00Z,20.0,236.0,-25.87317643991928,232.81130969056,-5.8731764399192805,3.1886903094400054,1
2026,18447232,2025-12-25T17:00:00Z,2.0,250.0,-5.884700763709006,244.78321865523935,-3.884700763709006,5.216781344760648,1
2026,18447233,2025-12-25T19:30:00Z,-15.0,219.0,15.720746125385933,218.00932881362004,0.7207461253859329,0.9906711863799558,1
2026,18447234,2025-12-25T22:00:00Z,10.0,242.0,-11.001870212193378,244.55117065568356,-1.0018702121933778,-2.5511706556835634,1
2026,18447235,2025-12-26T01:00:00Z,-23.0,215.0,24.66498135535013,197.65781545895317,1.664981355350129,17.342184541046834,1
2026,18447236,2025-12-26T03:30:00Z,4.0,280.0,-0.8728897367398072,260.9771495528997,3.127110263260193,19.022850447100325,1
2026,18447237,2025-12-27T00:00:00Z,-15.0,237.0,13.36352791147733,238.5364917868224,-1.6364720885226696,-1.5364917868224097,1
2026,18447238,2025-12-27T00:00:00Z,-15.0,225.0,16.73755088679036,221.64724740930146,1.737550886790359,3.352752590698543,1
2026,18447239,2025-12-27T00:00:00Z,21.0,255.0,-17.29028811086963,259.03013132596203,3.7097118891303715,-4.0301313259620315,1
2026,18447240,2025-12-27T00:00:00Z,-18.0,262.0,19.92289854563466,255.78562831440644,1.9228985456346592,6.214371685593562,1
2026,18447241,2025-12-27T00:30:00Z,7.0,211.0,-3.475468816271274,213.14548465147521,3.524531183728726,-2.145484651475215,1
2026,18447242,2025-12-27T01:00:00Z,21.0,229.0,-15.922525242274684,236.48786476662167,5.077474757725316,-7.487864766621669,1
2026,18447243,2025-12-27T01:00:00Z,-7.0,223.0,4.853651747889428,246.2606265150417,-2.146348252110572,-23.260626515041707,1
2026,18447244,2025-12-27T02:30:00Z,2.0,260.0,-0.5125926667582226,253.3506968918455,1.4874073332417774,6.649303108154498,1
2026,18447245,2025-12-27T03:00:00Z,-16.0,222.0,9.875705156101548,210.70721120500343,-6.124294843898452,11.292788794996568,1
2026,18447246,2025-12-27T22:00:00Z,6.0,220.0,-5.540653343507361,215.6817614667241,0.45934665649263895,4.318238533275888,1
2026,18447247,2025-12-28T00:00:00Z,1.0,253.0,0.15165338583165733,285.89982038500216,1.1516533858316573,-32.89982038500216,0
2026,18447248,2025-12-28T00:00:00Z,-9.0,237.0,9.273679846974003,233.3768579799394,0.2736798469740034,3.6231420200606124,1
2026,18447249,2025-12-28T01:00:00Z,-3.0,253.0,3.0278387963490823,247.31025449884322,0.027838796349082262,5.689745501156779,1
2026,18447250,2025-12-28T01:00:00Z,26.0,258.0,-20.762700960937668,260.5252445476013,5.237299039062332,-2.5252445476012895,1
2026,18447251,2025-12-28T01:00:00Z,-9.0,215.0,6.136074925315214,203.57206996324803,-2.8639250746847864,11.427930036751974,1
2026,18447252,2025-12-28T01:00:00Z,17.0,217.0,-18.777042573212803,211.60558681522426,-1.7770425732128032,5.394413184775743,1
2026,18447253,2025-12-28T01:00:00Z,-16.0,230.0,17.100800381496295,226.25310580061137,1.1008003814962954,3.7468941993886347,1
2026,18447254,2025-12-28T01:00:00Z,-13.0,241.0,6.127903494288525,242.37490288125304,-6.872096505711475,-1.3749028812530355,1
2026,18447255,2025-12-28T20:30:00Z,14.0,268.0,-13.880363494744532,264.54226961962206,0.11963650525546754,3.4577303803779387,1
2026,18447256,2025-12-28T20:30:00Z,25.0,233.0,-22.828113365810168,231.35007228525095,2.171886634189832,1.6499277147490545,1
2026,18447257,2025-12-28T23:00:00Z,4.0,228.0,-2.4310402477003143,229.33272622460217,1.5689597522996857,-1.332726224602169,1
2026,18447258,2025-12-28T23:00:00Z,6.0,222.0,-3.830253457992872,210.30096988414707,2.169746542007128,11.699030115852935,1
2026,18447259,2025-12-29T02:00:00Z,13.0,211.0,-12.263498510499431,211.58332838329542,0.7365014895005686,-0.5833283832954237,1
2026,18447260,2025-12-29T02:30:00Z,24.0,226.0,-19.552108144296646,223.62743654863706,4.447891855703354,2.372563451362936,1
2026,18447261,2025-12-30T00:00:00Z,-10.0,236.0,8.635181818728332,238.70347515687538,-1.3648181812716675,-2.7034751568753848,1
2026,18447262,2025-12-30T00:00:00Z,-14.0,216.0,16.32186372461693,204.9097127345842,2.3218637246169287,11.09028726541581,1
2026,18447263,2025-12-30T00:30:00Z,-13.0,227.0,9.048079791978655,232.82675217945268,-3.9519202080213454,-5.826752179452683,1
2026,18447264,2025-12-30T00:30:00Z,24.0,270.0,-23.740627817329504,270.8888223672531,0.25937218267049644,-0.8888223672531126,1
2026,18447265,2025-12-30T00:30:00Z,1.0,213.0,-0.4186818357006987,216.41522802874218,0.5813181642993013,-3.4152280287421775,1
2026,18447266,2025-12-30T01:00:00Z,-35.0,237.0,30.48373028977732,243.4399957072191,-4.51626971022268,-6.439995707219111,1
2026,18447267,2025-12-30T01:00:00Z,7.0,245.0,-11.161801420976193,241.13653240111256,-4.161801420976193,3.863467598887439,1
2026,18447268,2025-12-30T01:00:00Z,-5.0,255.0,5.231667987438229,264.38955372129357,0.2316679874382288,-9.389553721293566,1
2026,18447269,2025-12-30T01:00:00Z,11.0,269.0,-9.36481380359046,273.8780441776141,1.6351861964095402,-4.878044177614072,1
2026,18447270,2025-12-30T01:00:00Z,-12.0,214.0,12.040300707492577,240.47856342593747,0.04030070749257675,-26.478563425937466,1
2026,18447271,2025-12-30T03:30:00Z,3.0,247.0,4.818481005451724,265.7395691889093,7.818481005451724,-18.739569188909286,0
2026,18447272,2025-12-31T01:00:00Z,-3.0,275.0,3.948872981755525,264.42771191154543,0.948872981755525,10.57228808845457,1
2026,18447273,2025-12-31T02:00:00Z,-10.0,248.0,9.919109815400194,251.55718105747877,-0.08089018459980579,-3.557181057478772,1
2026,18447274,2025-12-31T03:30:00Z,-22.0,234.0,23.64446657057492,234.87273774404028,1.6444665705749202,-0.872737744040279,1
2026,18447275,2025-12-31T04:00:00Z,41.0,221.0,-38.917135115304845,210.49410448611115,2.082864884695155,10.505895513888845,1
2026,18447276,2025-12-31T18:00:00Z,-7.0,257.0,5.105904124660204,257.6069595150301,-1.8940958753397963,-0.6069595150300984,1
2026,18447277,2025-12-31T20:00:00Z,24.0,228.0,-23.553412166337736,223.70532207938578,0.44658783366226373,4.29467792061422,1
2026,18447278,2025-12-31T20:00:00Z,-2.0,222.0,3.0026548903858425,235.87461020366766,1.0026548903858425,-13.874610203667658,1
2026,18447279,2025-12-31T20:30:00Z,16.0,242.0,-15.252971083555032,246.18073726920758,0.7470289164449682,-4.180737269207583,1
2026,18447280,2026-01-01T00:00:00Z,16.0,252.0,-12.476770056365556,255.51121361015458,3.523229943634444,-3.5112136101545843,1
2026,18447281,2026-01-01T00:00:00Z,2.0,266.0,-6.8507534973425885,253.56069830961096,-4.8507534973425885,12.439301690389044,1
2026,18447282,2026-01-01T00:30:00Z,-3.0,209.0,2.0478518126793492,197.6386486688375,-0.9521481873206508,11.361351331162496,1
2026,18447283,2026-01-01T01:00:00Z,-1.0,227.0,-5.73459466561842,225.2201736591913,-6.73459466561842,1.779826340808711,0
2026,18447284,2026-01-01T01:00:00Z,29.0,219.0,-31.018199433327105,224.46148889937024,-2.018199433327105,-5.461488899370238,1
2026,18447285,2026-01-01T23:00:00Z,-24.0,216.0,11.12011320192777,211.49901260297614,-12.87988679807223,4.500987397023863,1
2026,18447286,2026-01-02T00:00:00Z,-6.0,230.0,-4.445700252679837,249.8954675183639,-10.445700252679837,-19.895467518363887,0
2026,18447287,2026-01-02T01:30:00Z,-15.0,231.0,1.7892256507327378,227.86920060133014,-13.210774349267263,3.130799398669865,1
2026,18447288,2026-01-02T03:00:00Z,-14.0,226.0,9.12011320192777,216.32098812082089,-4.87988679807223,9.679011879179114,1
2026,18447289,2026-01-02T03:30:00Z,17.0,219.0,-14.356190300639835,229.2874604867616,2.6438096993601654,-10.287460486761603,1
