date,game_id,pred_margin,pred_total,actual_margin,actual_total,closing_spread_home,closing_total,edge_spread,edge_total,signal_spread,signal_total,mae_margin_day,mae_total_day
2025-11-01,18446899,-8.996913912104445,266.3162951940029,-2,268,3.5,268.5,-12.496913912104445,-2.1837048059970745,True,True,15.55237185289152,1.7419394194577695
2025-11-01,18446900,-14.891152342834449,222.6765860550849,-17,227,16.5,223.5,-31.39115234283445,-0.8234139449150897,True,False,15.55237185289152,1.7419394194577695
2025-11-01,18446901,-0.9389838100981249,223.5163103810175,5,223,-4.5,223.5,3.561016189901875,0.016310381017480606,True,False,15.55237185289152,1.7419394194577695
2025-11-01,18446902,4.82073280928002,218.70245954631366,-31,219,31.5,217.5,-26.67926719071998,1.202459546313648,True,True,15.55237185289152,1.7419394194577695
2025-11-01,18446903,-1.8568992414401961,230.28564352565255,-27,229,26.5,231.5,-28.356899241440196,-1.2143564743474553,True,True,15.55237185289152,1.7419394194577695
2025-11-01,18446904,29.30565217014118,234.34502340547806,12,232,-11.5,236.5,40.80565217014118,-2.1549765945219375,True,True,15.55237185289152,1.7419394194577695
2025-11-02,18446905,9.394120225745176,242.13126888557127,31,243,-30.5,243.5,39.894120225745176,-1.368731114428728,True,True,12.568870769782091,2.087268118919969
2025-11-02,18446906,-8.940748571496059,233.4482216881617,-24,234,23.5,234.5,-32.44074857149606,-1.0517783118382769,True,True,12.568870769782091,2.087268118919969
2025-11-02,18446907,10.05193798978111,230.19199973061345,23,229,-24.5,229.5,34.55193798978111,0.6919997306134357,True,False,12.568870769782091,2.087268118919969
2025-11-02,18446908,15.858445568608005,224.0947474375153,8,226,-8.5,225.5,24.358445568608005,-1.4052525624846952,True,True,12.568870769782091,2.087268118919969
2025-11-02,18446909,23.903815306627713,225.5746680297276,13,221,-13.5,225.5,37.40381530662771,0.07466802972760776,True,False,12.568870769782091,2.087268118919969
2025-11-02,18446910,23.908287437752698,242.71166808878965,12,244,-14.5,245.5,38.4082874377527,-2.788331911210347,True,True,12.568870769782091,2.087268118919969
2025-11-02,18446911,30.52601005723148,249.47424525642342,12,248,-12.5,248.5,43.02601005723148,0.9742452564234183,True,False,12.568870769782091,2.087268118919969
2025-11-02,18446912,11.741214575059164,245.15686196536677,10,250,-10.5,247.5,22.241214575059164,-2.3431380346332316,True,True,12.568870769782091,2.087268118919969
2025-11-03,18446913,-25.414791193089478,234.11360090703565,-16,234,16.5,235.5,-41.91479119308948,-1.3863990929643577,True,True,5.964250166896319,1.882845421617355
2025-11-03,18446914,-0.6343511683495313,232.30900339655076,-2,232,2.5,232.5,-3.1343511683495313,-0.19099660344924188,True,False,5.964250166896319,1.882845421617355
2025-11-03,18446915,-2.4964010127858844,214.28280784093147,-2,208,1.5,215.5,-3.9964010127858844,-1.2171921590685444,True,True,5.964250166896319,1.882845421617355
2025-11-03,18446916,25.129575236812833,220.96947688134662,17,221,-17.5,223.5,42.62957523681283,-2.5305231186533863,True,True,5.964250166896319,1.882845421617355
2025-11-03,18446917,6.424519322897757,211.4219291169903,8,212,-5.5,214.5,11.924519322897757,-3.0780708830096977,True,True,5.964250166896319,1.882845421617355
2025-11-03,18446918,0.7562440516207989,221.75163904536166,-8,220,6.5,221.5,-5.743755948379201,0.25163904536166176,True,False,5.964250166896319,1.882845421617355
2025-11-03,18446919,5.6016309196726475,254.7159606709996,6,254,-6.5,255.5,12.101630919672647,-0.7840393290003914,True,False,5.964250166896319,1.882845421617355
2025-11-03,18446920,-31.046886917161835,232.57500091925326,-8,238,9.5,235.5,-40.546886917161835,-2.924999080746749,True,True,5.964250166896319,1.882845421617355
2025-11-03,18446921,-1.4948545015159755,240.73900385126723,-1,239,1.5,242.5,-2.9948545015159755,-1.7609961487327703,True,True,5.964250166896319,1.882845421617355
2025-11-04,18446922,12.37144165009768,226.01881801465402,28,228,-27.5,228.5,39.87144165009768,-2.4811819853459793,True,True,4.064458724101435,1.579326139711758
2025-11-04,18446923,15.531708619434639,238.35744600496557,15,239,-14.5,240.5,30.03170861943464,-2.1425539950344303,True,True,4.064458724101435,1.579326139711758
2025-11-04,18446924,4.419354443874801,223.08398211905674,2,224,-1.5,224.5,5.919354443874801,-1.416017880943244,True,True,4.064458724101435,1.579326139711758
2025-11-04,18446925,5.949103593671682,228.22811569955147,4,228,3.5,230.5,2.449103593671681,-2.2718843004485207,True,True,4.064458724101435,1.579326139711758
2025-11-04,18446926,7.957258185434149,228.4936470381511,11,225,-12.5,229.5,20.45725818543415,-1.0063529618489178,True,True,4.064458724101435,1.579326139711758
2025-11-04,18446927,-19.815285523159318,235.2144402392443,-19,233,18.5,236.5,-38.31528552315932,-1.2855597607556986,True,True,4.064458724101435,1.579326139711758
2025-11-05,18446928,14.815803643686536,253.95420433114148,11,253,-11.5,254.5,26.315803643686536,-0.5457956688585063,True,False,5.525311879828001,1.301021259588711
2025-11-05,18446929,13.736079024220228,216.5467754956784,11,217,-11.5,219.5,25.236079024220228,-2.95322450432162,True,True,5.525311879828001,1.301021259588711
2025-11-05,18446930,-5.567323565583399,215.54942077577743,-9,215,6.5,216.5,-12.067323565583399,-0.9505792242225736,True,False,5.525311879828001,1.301021259588711
2025-11-05,18446931,11.082366821608389,239.68361568055153,29,243,-28.5,243.5,39.58236682160839,-3.816384319448462,True,True,5.525311879828001,1.301021259588711
2025-11-05,18446932,22.721030487086907,250.64020458435877,23,251,-20.5,251.5,43.22103048708691,-0.8597954156412435,True,False,5.525311879828001,1.301021259588711
2025-11-05,18446933,-31.58392663569939,233.7193798202794,-15,233,14.5,235.5,-46.08392663569939,-1.7806201797205943,True,True,5.525311879828001,1.301021259588711
2025-11-05,18446934,5.684243220785414,200.89626556710988,-2,200,1.5,200.5,4.184243220785414,0.39626556710987526,True,False,5.525311879828001,1.301021259588711
2025-11-05,18446935,10.794895153175784,233.30062757252506,10,234,-10.5,235.5,21.294895153175784,-2.199372427474937,True,True,5.525311879828001,1.301021259588711
2025-11-05,18446936,7.85240265399003,235.05286482940596,2,234,-1.5,234.5,9.35240265399003,0.552864829405951,True,False,5.525311879828001,1.301021259588711
2025-11-05,18446937,3.6463773061181204,237.33816014673533,2,240,-2.5,239.5,6.14637730611812,-2.1618398532646728,True,True,5.525311879828001,1.301021259588711
2025-11-05,18446938,5.03542391471121,234.35151798838928,5,237,-6.5,235.5,11.53542391471121,-1.1484820116107297,True,True,5.525311879828001,1.301021259588711
2025-11-06,18446939,10.350068241612014,220.23976119483774,13,217,-13.5,219.5,23.850068241612014,0.7397611948377418,True,False,2.649931758387986,3.2397611948377403
2025-11-07,18446940,1.4645728982201707,227.51764274513673,13,233,-3.5,228.5,4.964572898220171,-0.9823572548632806,True,False,11.807434019761025,2.105411565631933
2025-11-07,18446941,-5.345322037361818,258.4437984159196,-33,263,36.5,259.5,-41.84532203736182,-1.056201584080377,True,True,11.807434019761025,2.105411565631933
2025-11-07,18446942,-29.854766126510675,204.93206820737322,-12,206,11.5,206.5,-41.354766126510675,-1.5679317926267884,True,True,11.807434019761025,2.105411565631933
2025-11-07,18446943,-18.765929970909156,229.7130219208413,-18,232,21.5,230.5,-40.265929970909156,-0.7869780791587082,True,False,11.807434019761025,2.105411565631933
2025-11-07,18446944,10.375560765118017,231.33212241656358,11,231,-7.5,232.5,17.875560765118017,-1.167877583436418,True,True,11.807434019761025,2.105411565631933
2025-11-07,18446945,11.293856825795878,230.4806886197622,18,234,-15.5,230.5,26.793856825795878,-0.019311380237806926,True,False,11.807434019761025,2.105411565631933
2025-11-07,18446946,16.78124251275692,223.82909551205336,14,222,-16.5,224.5,33.28124251275692,-0.6709044879466377,True,False,11.807434019761025,2.105411565631933
2025-11-07,18446947,19.36015088511131,235.80176425327215,16,236,-16.5,236.5,35.86015088511131,-0.6982357467278412,True,False,11.807434019761025,2.105411565631933
2025-11-07,18446948,9.58105841874358,232.66031175916345,40,234,-40.5,234.5,50.08105841874358,-1.8396882408365467,True,True,11.807434019761025,2.105411565631933
2025-11-07,18446949,17.483398850174893,234.1721519854463,25,233,-25.5,234.5,42.98339885017489,-0.32784801455368257,True,False,11.807434019761025,2.105411565631933
2025-11-07,18446950,-10.336545482502416,231.62454677064332,-31,233,30.5,233.5,-40.836545482502416,-1.875453229356678,True,True,11.807434019761025,2.105411565631933
2025-11-08,18446951,-9.133071251245772,218.57762175565628,-6,216,5.5,219.5,-14.633071251245772,-0.9223782443437178,True,False,3.2509903066120622,1.4467390405762544
2025-11-08,18446952,5.428435124250839,251.48617896688475,10,250,-7.5,252.5,12.92843512425084,-1.0138210331152528,True,True,3.2509903066120622,1.4467390405762544
2025-11-08,18446953,26.19400291445507,224.19661932472826,20,224,-20.5,226.5,46.69400291445507,-2.3033806752717303,True,True,3.2509903066120622,1.4467390405762544
2025-11-08,18446954,4.0895887455489515,249.61899879877257,6,250,-4.5,249.5,8.589588745548951,0.11899879877255243,True,False,3.2509903066120622,1.4467390405762544
2025-11-08,18446955,4.033771003446084,270.8519041120607,5,267,-6.5,269.5,10.533771003446084,1.351904112060732,True,True,3.2509903066120622,1.4467390405762544
2025-11-08,18446956,5.925995840014883,246.40076861673464,7,245,-6.5,246.5,12.425995840014883,-0.09923138326537304,True,False,3.2509903066120622,1.4467390405762544
2025-11-08,18446957,24.7401600243683,217.51241504583615,17,217,-17.5,220.5,42.2401600243683,-2.987584954163856,True,True,3.2509903066120622,1.4467390405762544
2025-11-08,18446958,-10.581521023911886,218.1674033014818,-11,217,10.5,218.5,-21.081521023911886,-0.3325966985181937,True,False,3.2509903066120622,1.4467390405762544
2025-11-09,18446959,-5.528297120549496,236.03940489807928,-7,237,5.5,236.5,-11.028297120549496,-0.46059510192071157,True,False,8.414319948507528,2.488408267398061
2025-11-09,18446960,14.352602512199532,234.50324829187062,36,232,-35.5,235.5,49.85260251219953,-0.9967517081293771,True,False,8.414319948507528,2.488408267398061
2025-11-09,18446961,-5.637427801614178,216.17693213418286,-4,218,5.5,215.5,-11.137427801614178,0.676932134182863,True,False,8.414319948507528,2.488408267398061
2025-11-09,18446962,-33.01149799876878,218.13521256559363,-14,214,13.5,218.5,-46.51149799876878,-0.36478743440635436,True,False,8.414319948507528,2.488408267398061
2025-11-09,18446963,-2.9492675743081547,220.94047895498528,-3,219,3.5,221.5,-6.449267574308155,-0.5595210450147091,True,False,8.414319948507528,2.488408267398061
2025-11-09,18446964,21.71015076981781,199.98467925417822,31,197,-30.5,200.5,52.21015076981781,-0.515320745821789,True,False,8.414319948507528,2.488408267398061
2025-11-09,18446965,-21.208368183955287,257.9284241625792,-27,261,29.5,256.5,-50.70836818395529,1.4284241625791687,True,True,8.414319948507528,2.488408267398061
2025-11-10,18446966,-11.827744847119597,229.92140820748128,-10,232,9.5,231.5,-21.327744847119597,-1.5785917925187287,True,True,4.326487352619906,8.014909645270611
2025-11-10,18446967,8.725779755490713,273.62686458070465,2,272,-3.5,274.5,12.225779755490713,-0.8731354192953519,True,False,4.326487352619906,8.014909645270611
2025-11-10,18446968,1.118185959567489,244.95691541457907,3,227,-1.5,245.5,2.618185959567489,-0.5430845854209407,True,False,4.326487352619906,8.014909645270611
2025-11-10,18446969,9.002568621700666,237.98356563669145,2,278,-5.5,238.5,14.502568621700666,-0.5164343633085611,True,False,4.326487352619906,8.014909645270611
2025-11-10,18446970,-4.749784896739213,241.11954701235237,-4,238,5.5,239.5,-10.249784896739213,1.6195470123523583,True,True,4.326487352619906,8.014909645270611
2025-11-10,18446971,-5.010554873231138,228.3850266589886,-2,230,2.5,230.5,-7.510554873231138,-2.114973341011388,True,True,4.326487352619906,8.014909645270611
2025-11-10,18446972,29.979732191940442,221.92258812244694,23,219,-23.5,223.5,53.47973219194044,-1.5774118775530666,True,True,4.326487352619906,8.014909645270611
2025-11-10,18446973,-14.000010055343793,232.01380789726068,-7,233,8.5,231.5,-22.500010055343793,0.5138078972606868,True,False,4.326487352619906,8.014909645270611
2025-11-10,18446974,0.7603968915810837,205.18791992222552,-3,207,3.5,206.5,-2.7396031084189163,-1.312080077774484,True,True,4.326487352619906,8.014909645270611
2025-11-11,18446975,-12.331223197796515,229.11549728431524,-10,228,10.5,228.5,-22.831223197796515,0.6154972843152523,True,False,2.519913326235461,2.3219059690337076
2025-11-11,18446976,15.724077902799962,252.54010607300978,13,253,-13.5,254.5,29.224077902799962,-1.9598939269902231,True,True,2.519913326235461,2.3219059690337076
2025-11-11,18446977,3.384836026460423,207.62593053497775,2,202,-1.5,207.5,4.884836026460423,0.1259305349777422,True,False,2.519913326235461,2.3219059690337076
2025-11-11,18446978,26.157832282614372,227.25130385491713,24,228,-23.5,228.5,49.65783228261437,-1.2486961450828882,True,True,2.519913326235461,2.3219059690337076
2025-11-11,18446979,29.740943215930294,276.2730454101028,24,280,-23.5,277.5,53.240943215930294,-1.2269545898972223,True,True,2.519913326235461,2.3219059690337076
2025-11-11,18446980,-13.219432668188798,232.25446333293894,-14,230,11.5,231.5,-24.719432668188798,0.7544633329389325,True,False,2.519913326235461,2.3219059690337076
2025-11-12,18446981,6.376591967005378,211.12704111928298,11,211,-11.5,213.5,17.87659196700538,-2.372958880717034,True,True,5.703925620046458,3.9492315761516656
2025-11-12,18446982,8.393124040109388,233.32661936416474,11,237,-10.5,235.5,18.893124040109388,-2.173380635835251,True,True,5.703925620046458,3.9492315761516656
2025-11-12,18446983,-20.42538678722245,227.3514419955436,-17,231,15.5,227.5,-35.92538678722245,-0.14855800445639247,True,False,5.703925620046458,3.9492315761516656
2025-11-12,18446984,23.567761934824865,214.85981216172303,36,226,-30.5,219.5,54.067761934824865,-4.640187838276965,True,True,5.703925620046458,3.9492315761516656
2025-11-12,18446985,-16.49260418607696,247.34931925655772,-14,246,14.5,245.5,-30.99260418607696,1.8493192565577115,True,True,5.703925620046458,3.9492315761516656
2025-11-12,18446986,29.830355462871623,247.62207649673917,23,247,-22.5,248.5,52.33035546287162,-0.8779235032608336,True,False,5.703925620046458,3.9492315761516656
2025-11-12,18446987,-5.837164336241342,239.49664678955867,-8,242,8.5,243.5,-14.337164336241342,-4.003353210441321,True,True,5.703925620046458,3.9492315761516656
2025-11-12,18446988,3.3657274263635806,233.39705621004094,-5,245,-2.5,234.5,5.865727426363581,-1.102943789959062,True,True,5.703925620046458,3.9492315761516656
2025-11-12,18446989,-5.1688823197826395,237.9845472111088,-9,237,8.5,238.5,-13.66888231978264,-0.5154527888911988,True,False,5.703925620046458,3.9492315761516656
2025-11-12,18446990,20.799766746183394,205.44502250550065,29,213,-30.5,208.5,51.299766746183394,-3.0549774944993526,True,True,5.703925620046458,3.9492315761516656
2025-11-12,18446991,-20.21781309652095,233.6962502513951,-33,233,32.5,234.5,-52.71781309652095,-0.8037497486048976,True,False,5.703925620046458,3.9492315761516656
2025-11-12,18446992,-14.694138018690833,249.48814360526785,-14,246,14.5,250.5,-29.194138018690833,-1.0118563947321422,True,True,5.703925620046458,3.9492315761516656
2025-11-13,18446993,-8.329963510908787,242.57762213842994,-13,239,12.5,242.5,-20.829963510908787,0.07762213842995877,True,False,7.71303510688499,3.81610067195885
2025-11-13,18446994,23.091380575871426,231.7548795686775,35,231,-34.5,235.5,57.591380575871426,-3.7451204313225115,True,True,7.71303510688499,3.81610067195885
2025-11-13,18446995,-3.4395505925648155,261.1158003087691,-10,254,9.5,259.5,-12.939550592564816,1.6158003087691268,True,True,7.71303510688499,3.81610067195885
2025-11-14,18446996,7.460902969204987,269.2870092613324,8,272,-8.5,271.5,15.960902969204987,-2.2129907386676275,True,True,4.977031460398994,3.032504103659954
2025-11-14,18446997,10.325080260185768,207.78165416220648,7,203,-7.5,208.5,17.825080260185768,-0.7183458377935258,True,False,4.977031460398994,3.032504103659954
2025-11-14,18446998,6.9631816811824745,222.77126565199833,9,219,-8.5,224.5,15.463181681182474,-1.7287343480016777,True,True,4.977031460398994,3.032504103659954
2025-11-14,18446999,31.374917685109445,251.86047024673942,24,256,-24.5,255.5,55.874917685109445,-3.6395297532605864,True,True,4.977031460398994,3.032504103659954
2025-11-14,18447000,10.673604262354676,280.64213745110175,13,281,-11.5,283.5,22.173604262354676,-2.8578625488982596,True,True,4.977031460398994,3.032504103659954
2025-11-14,18447001,14.802114163602784,233.54587512485577,14,234,-14.5,234.5,29.302114163602784,-0.9541248751442403,True,False,4.977031460398994,3.032504103659954
2025-11-14,18447002,-37.23388826472539,223.3218139348989,-14,222,17.5,223.5,-54.73388826472539,-0.17818606510110133,True,False,4.977031460398994,3.032504103659954
2025-11-14,18447003,-2.368677040216438,267.8268008158392,-6,260,7.5,270.5,-9.868677040216438,-2.673199184160793,True,True,4.977031460398994,3.032504103659954
2025-11-14,18447004,-2.5236487229261333,218.92649445202602,-1,217,-1.5,217.5,-1.0236487229261333,1.4264944520260157,True,True,4.977031460398994,3.032504103659954
2025-11-15,18447005,7.915394775951658,216.7193790361487,8,208,-7.5,218.5,15.415394775951658,-1.7806209638512978,True,True,3.4455033982543126,3.2972874343315652
2025-11-15,18447006,-13.33495861506574,206.7182768008413,-13,205,13.5,207.5,-26.83495861506574,-0.7817231991586989,True,False,3.4455033982543126,3.2972874343315652
2025-11-15,18447007,-30.920326757463513,236.21696433873208,-18,240,18.5,236.5,-49.42032675746351,-0.2830356612679172,True,False,3.4455033982543126,3.2972874343315652
2025-11-15,18447008,-21.386037940529874,215.3437228383642,-24,214,24.5,214.5,-45.886037940529874,0.8437228383641904,True,False,3.4455033982543126,3.2972874343315652
2025-11-15,18447009,-9.726335664776158,235.92202283503573,-11,235,11.5,238.5,-21.22633566477616,-2.577977164964253,True,True,3.4455033982543126,3.2972874343315652
2025-11-16,18447010,5.525470356020756,228.92748216573335,3,239,-2.5,233.5,8.025470356020756,-4.572517834266654,True,True,3.780627989008936,6.167022546912552
2025-11-16,18447011,8.811253761604053,232.8650349544877,13,233,-12.5,233.5,21.311253761604053,-0.6349650455122919,True,False,3.780627989008936,6.167022546912552
2025-11-16,18447012,-29.339377852581194,233.58791235235347,-23,235,19.5,235.5,-48.839377852581194,-1.9120876476465216,True,True,3.780627989008936,6.167022546912552
2025-11-16,18447013,1.8784027176397187,203.0870132636711,4,230,-2.5,204.5,4.378402717639719,-1.4129867363288995,True,True,3.780627989008936,6.167022546912552
2025-11-16,18447014,-27.77317253038248,227.29258705105275,-18,230,20.5,226.5,-48.27317253038248,0.7925870510527617,True,False,3.780627989008936,6.167022546912552
2025-11-16,18447015,3.328582727676335,270.1131596475887,5,271,-3.5,270.5,6.828582727676335,-0.3868403524113176,True,False,3.780627989008936,6.167022546912552
2025-11-16,18447016,0.6326139393489543,239.65172660417025,-2,246,3.5,241.5,-2.8673860606510457,-1.848273395829748,True,True,3.780627989008936,6.167022546912552
2025-11-16,18447017,2.007371559341792,296.13890358564225,3,297,-1.5,296.5,3.507371559341792,-0.3610964143577485,True,False,3.780627989008936,6.167022546912552
2025-11-17,18447018,11.840749736047883,225.16405970452092,12,224,-14.5,226.5,26.340749736047883,-1.335940295479076,True,True,3.310573905478676,5.117470249236792
2025-11-17,18447019,18.13367425483382,236.86235329633297,15,239,-14.5,240.5,32.63367425483382,-3.6376467036670226,True,True,3.310573905478676,5.117470249236792
2025-11-17,18447020,1.8157722864802217,224.99637617163654,2,218,-2.5,224.5,4.315772286480222,0.496376171636537,True,False,3.310573905478676,5.117470249236792
2025-11-17,18447021,1.0800996961083822,246.78661646369642,2,228,-1.5,247.5,2.580099696108382,-0.7133835363035768,True,False,3.310573905478676,5.117470249236792
2025-11-17,18447022,-0.04922710455236845,217.0691229837836,2,218,-1.5,218.5,1.4507728954476315,-1.4308770162164255,True,True,3.310573905478676,5.117470249236792
2025-11-17,18447023,20.484049436223344,216.3932419483198,24,216,-21.5,216.5,41.984049436223344,-0.10675805168021507,True,False,3.310573905478676,5.117470249236792
2025-11-17,18447024,-28.892887513315763,230.89713914002593,-17,235,19.5,233.5,-48.39288751331576,-2.602860859974062,True,True,3.310573905478676,5.117470249236792
2025-11-17,18447025,1.6294735259872843,250.57191687413686,-3,257,-1.5,250.5,3.1294735259872843,0.07191687413685233,True,False,3.310573905478676,5.117470249236792
2025-11-18,18447026,10.130691003270766,234.24111270093724,8,234,-8.5,234.5,18.630691003270766,-0.2588872990627654,True,False,2.148431761404167,2.7645795478637325
2025-11-18,18447027,-17.022638356241103,209.4219897074541,-14,212,15.5,211.5,-32.5226383562411,-2.0780102925459123,True,True,2.148431761404167,2.7645795478637325
2025-11-18,18447028,-7.766612598809688,225.89814208599302,-8,232,7.5,225.5,-15.266612598809688,0.39814208599300704,True,False,2.148431761404167,2.7645795478637325
2025-11-18,18447029,7.024486789838198,213.27139319411322,10,212,-5.5,216.5,12.524486789838198,-3.228606805886789,True,True,2.148431761404167,2.7645795478637325
2025-11-18,18447030,13.697168206313506,264.06905996090626,14,266,-13.5,267.5,27.197168206313506,-3.4309400390937648,True,True,2.148431761404167,2.7645795478637325
2025-11-18,18447031,-21.225528803874525,241.4641631464853,-17,237,17.5,241.5,-38.725528803874525,-0.03583685351469684,True,False,2.148431761404167,2.7645795478637325
2025-11-19,18447032,-10.099550561377548,211.44290726368223,-10,218,9.5,214.5,-19.599550561377548,-3.057092736317782,True,True,2.158116954574462,1.9055528579803378
2025-11-19,18447033,7.664743023777419,246.298530648231,9,245,-9.5,246.5,17.16474302377742,-0.20146935176899206,True,False,2.158116954574462,1.9055528579803378
2025-11-19,18447034,15.083609324289863,206.62139547445312,14,206,-14.5,208.5,29.583609324289863,-1.8786045255468686,True,True,2.158116954574462,1.9055528579803378
2025-11-19,18447035,-0.42652175880500565,233.76753137238612,-9,233,8.5,235.5,-8.926521758805006,-1.7324686276138868,True,True,2.158116954574462,1.9055528579803378
2025-11-19,18447036,11.795400647544596,228.9116650018439,11,229,-11.5,230.5,23.295400647544596,-1.5883349981561041,True,True,2.158116954574462,1.9055528579803378
2025-11-19,18447037,-2.412176696672951,240.02972046076835,-7,243,7.5,240.5,-9.912176696672951,-0.47027953923164484,True,False,2.158116954574462,1.9055528579803378
2025-11-19,18447038,15.137429507239414,211.63788196201511,14,212,-14.5,214.5,29.637429507239414,-2.8621180379848963,True,True,2.158116954574462,1.9055528579803378
2025-11-19,18447039,-3.1044595764936647,225.29674844205348,-2,224,1.5,226.5,-4.604459576493665,-1.2032515579465026,True,True,2.158116954574462,1.9055528579803378
2025-11-19,18447040,-0.29395554651955624,239.81205552699112,-1,243,-2.5,241.5,2.2060444534804438,-1.687944473008884,True,True,2.158116954574462,1.9055528579803378
2025-11-20,18447041,27.04876842592917,225.15180326800768,28,230,-27.5,229.5,54.54876842592917,-4.348196731992306,True,True,8.618637123276667,1.820909598371692
2025-11-20,18447042,10.260199550154681,232.91741554113645,41,233,-44.5,233.5,54.76019955015468,-0.5825844588635537,True,False,8.618637123276667,1.820909598371692
2025-11-20,18447043,-11.605552956017494,238.90118603202137,-9,237,8.5,238.5,-20.105552956017494,0.4011860320213635,True,False,8.618637123276667,1.820909598371692
2025-11-20,18447044,9.177963513173022,260.54832882939047,9,261,-10.5,259.5,19.677963513173022,1.0483288293904567,True,True,8.618637123276667,1.820909598371692
2025-11-21,18447045,17.533062688660817,232.7376061996482,11,229,-13.5,232.5,31.033062688660817,0.23760619964822582,True,False,4.934984935460786,4.886669395457005
2025-11-21,18447046,-8.026609952200563,221.1817945382891,-8,218,8.5,221.5,-16.526609952200563,-0.31820546171090247,True,False,4.934984935460786,4.886669395457005
2025-11-21,18447047,29.048746575918727,246.2744551558402,30,250,-29.5,245.5,58.54874657591873,0.7744551558401889,True,False,4.934984935460786,4.886669395457005
2025-11-21,18447048,-14.54899377798602,244.39584375474774,-36,250,38.5,247.5,-53.04899377798602,-3.10415624525226,True,True,4.934984935460786,4.886669395457005
2025-11-21,18447049,2.005922252600026,240.05319644295392,3,233,-3.5,238.5,5.505922252600026,1.5531964429539271,True,True,4.934984935460786,4.886669395457005
2025-11-21,18447050,-0.5714723283385634,231.73131694998528,1,227,3.5,229.5,-4.071472328338563,2.2313169499852803,True,True,4.934984935460786,4.886669395457005
2025-11-21,18447051,-2.1592535539405873,215.41813296000691,-3,221,2.5,213.5,-4.659253553940587,1.9181329600069077,True,True,4.934984935460786,4.886669395457005
2025-11-21,18447052,-20.15439411615288,260.70690818347634,-32,256,31.5,261.5,-51.65439411615288,-0.7930918165236801,True,False,4.934984935460786,4.886669395457005
2025-11-21,18447053,-3.7989702734546267,244.34236588464495,-4,250,2.5,248.5,-6.298970273454627,-4.157634115355063,True,True,4.934984935460786,4.886669395457005
2025-11-22,18447054,-16.739020717671607,249.30675568614353,-15,247,16.5,249.5,-33.23902071767161,-0.19324431385647786,True,False,5.444161113434977,13.52105332891475
2025-11-22,18447055,-0.42981274738232744,228.55781872274585,12,254,-1.5,230.5,1.0701872526176726,-1.9421812772541482,True,True,5.444161113434977,13.52105332891475
2025-11-22,18447056,-5.387894741770316,229.66679159991082,-17,213,9.5,231.5,-14.887894741770316,-1.83320840008918,True,True,5.444161113434977,13.52105332891475
2025-11-22,18447057,8.068315863475295,242.00461365199888,1,241,-12.5,244.5,20.568315863475295,-2.49538634800112,True,True,5.444161113434977,13.52105332891475
2025-11-22,18447058,-12.65375033472726,228.13644360445153,-13,245,8.5,223.5,-21.15375033472726,4.636443604451526,True,True,5.444161113434977,13.52105332891475
2025-11-22,18447059,-2.7148345485158845,226.3440575635836,-6,198,-1.5,229.5,-1.2148345485158845,-3.1559424364164195,True,True,5.444161113434977,13.52105332891475
2025-11-22,18447060,-3.3715419094709356,246.9805828720362,-5,251,4.5,246.5,-7.871541909470936,0.4805828720361842,True,False,5.444161113434977,13.52105332891475
2025-11-23,18447061,-12.152503970595088,245.16488917348022,-10,244,11.5,244.5,-23.652503970595088,0.6648891734802125,True,False,2.719976743575987,1.5631821820871075
2025-11-23,18447062,6.711827507294574,222.04065140769566,3,223,-3.5,224.5,10.211827507294574,-2.4593485923043312,True,True,2.719976743575987,1.5631821820871075
2025-11-23,18447063,9.401041404145296,266.3557849882956,9,267,-9.5,267.5,18.901041404145296,-1.1442150117043557,True,True,2.719976743575987,1.5631821820871075
2025-11-23,18447064,12.330527979669206,226.46683633723768,15,225,-14.5,227.5,26.830527979669206,-1.03316366276233,True,True,2.719976743575987,1.5631821820871075
2025-11-23,18447065,11.094466756857955,229.10856873131283,10,228,-10.5,227.5,21.594466756857955,1.6085687313128352,True,True,2.719976743575987,1.5631821820871075
2025-11-23,18447066,30.969415479776373,214.92279109946372,27,217,-30.5,214.5,61.46941547977637,0.4227910994637325,True,False,2.719976743575987,1.5631821820871075
2025-11-23,18447067,8.191988173403619,217.06720362320854,9,213,-8.5,217.5,16.69198817340362,-0.4327963767914501,True,False,2.719976743575987,1.5631821820871075
2025-11-23,18447068,-8.953074983011435,215.0171870869126,-2,214,6.5,216.5,-15.453074983011435,-1.4828129130874086,True,True,2.719976743575987,1.5631821820871075
2025-11-24,18447069,-6.253487908062006,239.09439910348576,-5,239,6.5,239.5,-12.753487908062006,-0.40560089651425196,True,False,3.815131982779674,4.353869497032602
2025-11-24,18447070,8.024537181912173,226.4774587146227,11,209,-8.5,220.5,16.524537181912173,5.977458714622703,True,True,3.815131982779674,4.353869497032602
2025-11-24,18447071,-10.762820674463011,216.1657202569892,-13,213,13.5,219.5,-24.26282067446301,-3.3342797430108044,True,True,3.815131982779674,4.353869497032602
2025-11-24,18447072,2.1180998118433347,214.4283586775981,4,208,-4.5,213.5,6.618099811843335,0.9283586775981049,True,False,3.815131982779674,4.353869497032602
2025-11-24,18447073,-8.458110550026102,238.57188470901517,-10,240,9.5,240.5,-17.958110550026102,-1.9281152909848303,True,True,3.815131982779674,4.353869497032602
2025-11-24,18447074,-17.429775037506417,226.0894423373099,-12,218,14.5,220.5,-31.929775037506417,5.589442337309896,True,True,3.815131982779674,4.353869497032602
2025-11-24,18447075,9.109218141593441,274.8909004236999,13,273,-11.5,275.5,20.60921814159344,-0.6090995763000988,True,False,3.815131982779674,4.353869497032602
2025-11-24,18447076,-34.31559604715503,208.86449121515878,-22,206,20.5,208.5,-54.81559604715503,0.36449121515879035,True,False,3.815131982779674,4.353869497032602
2025-11-24,18447077,21.28857430266313,249.2884560250939,17,251,-18.5,251.5,39.78857430266313,-2.211543974906117,True,True,3.815131982779674,4.353869497032602
2025-11-24,18447078,2.663327107751785,228.6117350244293,5,229,-3.5,223.5,6.163327107751785,5.111735024429303,True,True,3.815131982779674,4.353869497032602
2025-11-25,18447079,22.619175312316614,248.52364447846483,19,245,-23.5,251.5,46.119175312316614,-2.9763555215351634,True,True,10.780323788463697,1.6156293213869901
2025-11-25,18447080,-13.470562566773836,247.92266622761585,-41,247,39.5,247.5,-52.970562566773836,0.4226662276158538,True,False,10.780323788463697,1.6156293213869901
2025-11-25,18447081,15.807641380151686,252.5994227419197,17,253,-16.5,255.5,32.307641380151686,-2.900577258080301,True,True,10.780323788463697,1.6156293213869901
2025-11-26,18447082,3.761505760834087,224.03045519138678,3,231,-2.5,224.5,6.261505760834087,-0.46954480861321873,True,False,2.0582891338542186,5.507985915591456
2025-11-26,18447083,-25.697082911114215,224.93924878798984,-28,230,24.5,222.5,-50.197082911114215,2.439248787989829,True,True,2.0582891338542186,5.507985915591456
2025-11-26,18447084,6.779155691417971,210.10332257967605,3,209,-6.5,212.5,13.279155691417971,-2.396677420323965,True,True,2.0582891338542186,5.507985915591456
2025-11-26,18447085,5.934432028318232,202.02844532752692,2,192,-3.5,202.5,9.434432028318232,-0.4715546724730757,True,False,2.0582891338542186,5.507985915591456
2025-11-26,18447086,9.303219165006503,219.91927347609624,8,218,-7.5,220.5,16.803219165006503,-0.5807265239037644,True,False,2.0582891338542186,5.507985915591456
2025-11-26,18447087,-3.144784302605676,248.22859301426203,-5,261,-1.5,247.5,-1.6447843026056763,0.7285930142620454,True,False,2.0582891338542186,5.507985915591456
2025-11-26,18447088,-1.4239295111579358,202.11372861278898,-4,204,3.5,201.5,-4.923929511157936,0.613728612788986,True,False,2.0582891338542186,5.507985915591456
2025-11-26,18447089,-12.337457394299825,221.70615447011085,-13,217,12.5,223.5,-24.837457394299825,-1.7938455298891636,True,True,2.0582891338542186,5.507985915591456
2025-11-26,18447090,-13.349543678288825,217.12670299334067,-12,212,11.5,216.5,-24.849543678288825,0.6267029933406848,True,False,2.0582891338542186,5.507985915591456
2025-11-28,18447091,8.695406748235701,257.6148846871154,7,253,-8.5,259.5,17.1954067482357,-1.8851153128846063,True,True,2.7991991259595745,7.0490161648056615
2025-11-28,18447092,-8.518551882287358,211.83968984740935,-12,218,10.5,214.5,-19.01855188228736,-2.6603101525906587,True,True,2.7991991259595745,7.0490161648056615
2025-11-28,18447093,7.460087826928779,240.4674052080361,7,239,-6.5,241.5,13.96008782692878,-1.0325947919639105,True,True,2.7991991259595745,7.0490161648056615
2025-11-28,18447094,-2.6472086760809326,229.40981362515757,-3,221,1.5,227.5,-4.147208676080933,1.9098136251575686,True,True,2.7991991259595745,7.0490161648056615
2025-11-28,18447095,28.351231032538756,210.44307745829016,33,205,-32.5,211.5,60.851231032538756,-1.056922541709848,True,True,2.7991991259595745,7.0490161648056615
2025-11-28,18447096,7.013077558094812,229.97647170096863,9,227,-8.5,230.5,15.513077558094812,-0.5235282990313698,True,False,2.7991991259595745,7.0490161648056615
2025-11-28,18447097,13.659553321504603,228.36576455566149,4,242,-14.5,226.5,28.159553321504603,1.8657645556614795,True,True,2.7991991259595745,7.0490161648056615
2025-11-28,18447098,-6.192518960075262,264.4084774675433,-3,275,5.5,263.5,-11.692518960075262,0.9084774675433185,True,False,2.7991991259595745,7.0490161648056615
2025-11-28,18447099,11.511610465269108,225.91757645107558,9,247,-11.5,231.5,23.011610465269108,-5.582423548924431,True,True,2.7991991259595745,7.0490161648056615
2025-11-28,18447100,11.956672039261584,250.77889248070565,10,248,-11.5,251.5,23.456672039261584,-0.721107519294351,True,False,2.7991991259595745,7.0490161648056615
2025-11-28,18447101,-5.845410173282142,218.61985902572152,-5,219,7.5,219.5,-13.345410173282142,-0.8801409742784764,True,False,2.7991991259595745,7.0490161648056615
2025-11-29,18447102,4.218072941874775,232.47182380429675,4,234,-1.5,231.5,5.718072941874775,0.9718238042967574,True,False,2.589223372721496,3.478205377502505
2025-11-29,18447103,4.949696991322231,232.6657244283868,7,229,-4.5,231.5,9.44969699132223,1.1657244283867938,True,True,2.589223372721496,3.478205377502505
2025-11-29,18447104,3.279891656210193,207.84175692590452,2,204,1.5,209.5,1.779891656210193,-1.6582430740954717,True,True,2.589223372721496,3.478205377502505
2025-11-29,18447105,-2.5440181090684817,274.63664048137986,-3,273,5.5,271.5,-8.044018109068482,3.1366404813798754,True,True,2.589223372721496,3.478205377502505
2025-11-29,18447106,25.635941909688214,217.0837990381734,17,215,-21.5,214.5,47.13594190968821,2.5837990381734093,True,True,2.589223372721496,3.478205377502505
2025-11-29,18447107,9.547768889914327,191.8913316438229,8,200,-10.5,192.5,20.047768889914327,-0.6086683561771088,True,False,2.589223372721496,3.478205377502505
2025-11-29,18447108,-13.5898000430121,242.16086892803446,-18,242,13.5,245.5,-27.0898000430121,-3.339131071965545,True,True,2.589223372721496,3.478205377502505
2025-11-29,18447109,-1.8843732725127245,217.19999133373935,-4,224,3.5,219.5,-5.3843732725127245,-2.30000866626065,True,True,2.589223372721496,3.478205377502505
2025-11-30,18447110,-14.287559458157713,234.3334975723853,-28,230,11.5,233.5,-25.787559458157713,0.8334975723852996,True,False,2.963906601806546,3.512030964256194
2025-11-30,18447111,-2.4146567918912547,231.0512730510336,-2,232,4.5,231.5,-6.914656791891255,-0.4487269489664045,True,False,2.963906601806546,3.512030964256194
2025-11-30,18447112,20.283223176924487,214.66044017583118,22,210,-19.5,211.5,39.78322317692449,3.1604401758311806,True,True,2.963906601806546,3.512030964256194
2025-11-30,18447113,-12.070275192436888,276.69297708103153,-8,276,6.5,278.5,-18.57027519243689,-1.8070229189684446,True,True,2.963906601806546,3.512030964256194
2025-11-30,18447114,-6.866136441421935,233.52313694862787,-8,238,8.5,236.5,-15.366136441421935,-2.976863051372131,True,True,2.963906601806546,3.512030964256194
2025-11-30,18447115,11.773755576886263,238.83650659974435,13,237,-13.5,242.5,25.273755576886263,-3.6634934002556454,True,True,2.963906601806546,3.512030964256194
2025-11-30,18447116,-8.425003807682392,229.80451541615213,-8,222,7.5,225.5,-15.925003807682392,4.304515416152134,True,True,2.963906601806546,3.512030964256194
2025-11-30,18447117,13.011991675832231,257.3427208685665,12,254,-14.5,260.5,27.51199167583223,-3.157279131433458,True,True,2.963906601806546,3.512030964256194
2025-12-01,18447118,8.471560523341179,198.14683423458376,1,197,-5.5,199.5,13.971560523341179,-1.353165765416222,True,True,7.062042666778742,85.80916613098672
2025-12-01,18447119,-14.284229895763211,265.0214491004319,-16,254,13.5,260.5,-27.78422989576321,4.521449100431877,True,True,7.062042666778742,85.80916613098672
2025-12-01,18447120,-0.9733208159501863,248.3627197044293,3,255,1.5,251.5,-2.4733208159501863,-3.1372802955707,True,True,7.062042666778742,85.80916613098672
2025-12-01,18447121,8.745512350800055,221.2030041770189,13,219,-12.5,221.5,21.245512350800055,-0.2969958229810946,True,False,7.062042666778742,85.80916613098672
2025-12-01,18447122,11.982366593654245,259.53314084973437,17,263,-13.5,261.5,25.482366593654245,-1.96685915026565,True,True,7.062042666778742,85.80916613098672
2025-12-01,18447123,6.364820883991772,244.6816006440187,5,245,-3.5,245.5,9.864820883991772,-0.8183993559813104,True,False,7.062042666778742,85.80916613098672
2025-12-01,18447124,-0.4025268341449458,-1.0766084663586275,-10,252,0.0,0.0,-0.4025268341449458,-1.0766084663586275,False,True,7.062042666778742,85.80916613098672
2025-12-01,18447125,-3.266082336107183,-3.212053124210013,8,258,0.0,0.0,-3.266082336107183,-3.212053124210013,True,True,7.062042666778742,85.80916613098672
2025-12-01,18447126,1.8972351159808205,-0.20000727445973712,-17,233,0.0,0.0,1.8972351159808205,-0.20000727445973712,True,False,7.062042666778742,85.80916613098672
2025-12-02,18447127,32.94211350644427,223.05819231915365,19,223,-25.5,225.5,58.44211350644427,-2.4418076808463454,True,True,3.6137981218352575,2.906155184866544
2025-12-02,18447128,2.82558530959198,239.34426690539658,3,239,-4.5,239.5,7.32558530959198,-0.15573309460341542,True,False,3.6137981218352575,2.906155184866544
2025-12-02,18447129,6.297155803480527,237.9731040563948,6,240,-5.5,238.5,11.797155803480527,-0.5268959436052237,True,False,3.6137981218352575,2.906155184866544
2025-12-02,18447130,-3.8111279521824946,282.86242723494496,-7,291,-2.5,283.5,-1.3111279521824943,-0.6375727650550675,True,False,3.6137981218352575,2.906155184866544
2025-12-02,18447131,3.899952736257813,247.09090403749633,7,245,-6.5,248.5,10.399952736257813,-1.4090959625036732,True,True,3.6137981218352575,2.906155184866544
2025-12-02,18447132,-12.980185419119032,240.77909913849246,-12,236,11.5,240.5,-24.48018541911903,0.279099138492469,True,False,3.6137981218352575,2.906155184866544
2025-12-03,18447133,-5.340106850611663,236.79023125510085,-12,232,7.5,236.5,-12.840106850611663,0.2902312551008392,True,False,5.215676969754948,4.757090393184942
2025-12-03,18447134,-17.00041263623389,259.8942755984851,-15,255,14.5,259.5,-31.50041263623389,0.3942755984850925,True,False,5.215676969754948,4.757090393184942
2025-12-03,18447135,4.666733638580567,230.52455989649704,-2,226,3.5,225.5,1.1667336385805667,5.0245598964970375,True,True,5.215676969754948,4.757090393184942
2025-12-03,18447136,-34.3040394479109,212.20669954088632,-23,207,21.5,203.5,-55.8040394479109,8.706699540886323,True,True,5.215676969754948,4.757090393184942
2025-12-03,18447137,16.16794655977064,221.49615301134,15,223,-17.5,221.5,33.66794655977064,-0.0038469886600104655,True,False,5.215676969754948,4.757090393184942
2025-12-03,18447138,-16.215480022651036,220.5471847092202,-10,216,12.5,220.5,-28.715480022651036,0.047184709220198795,True,False,5.215676969754948,4.757090393184942
2025-12-03,18447139,17.69812628770105,223.22034474195053,26,216,-21.5,221.5,39.19812628770105,1.7203447419505253,True,True,5.215676969754948,4.757090393184942
2025-12-03,18447140,5.386012780317434,231.1473377701917,4,222,-2.5,226.5,7.886012780317434,4.6473377701917045,True,True,5.215676969754948,4.757090393184942
2025-12-03,18447141,6.761299219357225,226.97933303767275,10,226,-8.5,231.5,15.261299219357225,-4.520666962327256,True,True,5.215676969754948,4.757090393184942
2025-12-04,18447142,-5.582406630291342,208.90715961558195,1,197,1.5,197.5,-7.082406630291342,11.407159615581937,True,True,8.45566198198685,140.3449550666014
2025-12-04,18447143,-23.39038649382691,254.03909456417082,-45,247,37.5,250.5,-60.89038649382691,3.539094564170816,True,True,8.45566198198685,140.3449550666014
2025-12-04,18447144,-4.401069393343774,11.407159615581937,-13,233,0.0,0.0,-4.401069393343774,11.407159615581937,True,True,8.45566198198685,140.3449550666014
2025-12-04,18447145,-4.548922761753327,11.407159615581937,-3,243,0.0,0.0,-4.548922761753327,11.407159615581937,True,True,8.45566198198685,140.3449550666014
2025-12-04,18447146,-5.061563594939737,11.407159615581937,-9,241,0.0,0.0,-5.061563594939737,11.407159615581937,True,True,8.45566198198685,140.3449550666014
2025-12-05,18447147,34.18767289798305,222.9128885348557,21,231,-24.5,230.5,58.68767289798305,-7.587111465144286,True,True,5.048679107105686,17.107446153792186
2025-12-05,18447148,-5.28037247223538,167.17752306969314,1,211,0.0,0.0,-5.28037247223538,167.17752306969314,True,True,5.048679107105686,17.107446153792186
2025-12-05,18447149,-3.706202918686026,262.22542680909294,-1,267,4.5,264.5,-8.206202918686026,-2.2745731909070614,True,True,5.048679107105686,17.107446153792186
2025-12-05,18447150,13.147505938158883,245.95406682179592,13,247,-16.5,250.5,29.647505938158883,-4.545933178204082,True,True,5.048679107105686,17.107446153792186
2025-12-05,18447151,4.93486349627338,235.48642988400928,6,238,-6.5,236.5,11.43486349627338,-1.0135701159907082,True,True,5.048679107105686,17.107446153792186
2025-12-05,18447152,27.153532485380936,251.20099250909772,34,258,-29.5,251.5,56.653532485380936,-0.299007490902274,True,False,5.048679107105686,17.107446153792186
2025-12-05,18447153,-39.92271866997315,269.2561596386937,-25,197,24.5,199.5,-64.42271866997315,69.75615963869373,True,True,5.048679107105686,17.107446153792186
2025-12-05,18447154,-15.223237579034357,216.81980556199858,-15,225,14.5,228.5,-29.723237579034357,-11.680194438001422,True,True,5.048679107105686,17.107446153792186
2025-12-05,18447155,20.752456501041188,215.8239631285872,19,215,-19.5,218.5,40.25245650104119,-2.6760368714128178,True,True,5.048679107105686,17.107446153792186
2025-12-05,18447156,2.864150333737296,250.29286943072344,9,205,-6.5,210.5,9.364150333737296,39.79286943072344,True,True,5.048679107105686,17.107446153792186
2025-12-05,18447157,-14.83035116867493,222.57900372212555,-15,217,15.5,219.5,-30.33035116867493,3.079003722125541,True,True,5.048679107105686,17.107446153792186
2025-12-05,18447158,28.146879792222734,236.8855088840804,21,243,-27.5,238.5,55.646879792222734,-1.6144911159195958,True,True,5.048679107105686,17.107446153792186
2025-12-06,18447159,15.75351494082729,200.99281634232145,18,220,-15.5,217.5,31.25351494082729,-16.50718365767855,True,True,2.118061466197834,17.892031542317053
2025-12-06,18447160,-16.166339680423345,249.74454785677005,-15,247,11.5,254.5,-27.666339680423345,-4.755452143229955,True,True,2.118061466197834,17.892031542317053
2025-12-06,18447161,-5.313140968945969,247.7286377320292,-5,193,5.5,195.5,-10.81314096894597,52.22863773202919,True,True,2.118061466197834,17.892031542317053
2025-12-06,18447162,14.33647600602589,225.47205442339376,12,236,-15.5,229.5,29.83647600602589,-4.027945576606233,True,True,2.118061466197834,17.892031542317053
2025-12-06,18447163,-16.882526609251784,231.3074809583818,-16,238,16.5,239.5,-33.382526609251784,-8.192519041618205,True,True,2.118061466197834,17.892031542317053
2025-12-06,18447164,9.038550516837619,193.0357348382591,3,215,-5.5,213.5,14.538550516837619,-20.46426516174092,True,True,2.118061466197834,17.892031542317053
2025-12-06,18447165,11.157088577272479,240.5791217697762,13,231,-12.5,237.5,23.65708857727248,3.0791217697762137,True,True,2.118061466197834,17.892031542317053
2025-12-07,18447166,8.588209476840074,187.13488233311904,6,206,-7.5,210.5,16.088209476840074,-23.365117666880977,True,True,2.203833571745112,5.240978655227143
2025-12-07,18447167,-11.202757227332182,230.89503971391844,-8,234,8.5,236.5,-19.70275722733218,-5.604960286081567,True,True,2.203833571745112,5.240978655227143
2025-12-07,18447168,-6.898851000767289,222.8906259795335,-9,221,8.5,223.5,-15.398851000767289,-0.6093740204664941,True,False,2.203833571745112,5.240978655227143
2025-12-07,18447169,21.43984584018994,214.95440050498436,23,215,-22.5,217.5,43.93984584018994,-2.545599495015638,True,True,2.203833571745112,5.240978655227143
2025-12-07,18447170,-31.230259238904623,221.64364241842955,-32,214,30.5,217.5,-61.73025923890462,4.143642418429538,True,True,2.203833571745112,5.240978655227143
2025-12-07,18447171,-1.7053250944825917,215.44604626124087,-4,220,3.5,221.5,-5.205325094482592,-6.053953738759139,True,True,2.203833571745112,5.240978655227143
2025-12-07,18447172,-27.08985052761203,232.58295100188965,-30,232,29.5,233.5,-56.58985052761203,-0.9170489981103594,True,False,2.203833571745112,5.240978655227143
2025-12-08,18447173,7.5480462356173526,224.69714680926754,11,221,-10.5,225.5,18.048046235617353,-0.8028531907324727,True,False,1.9306862925718893,7.563209841835231
2025-12-08,18447174,-3.7160600336086507,226.09930547087117,-3,213,3.5,219.5,-7.216060033608651,6.599305470871185,True,True,1.9306862925718893,7.563209841835231
2025-12-08,18447175,-4.62404507972437,261.106822754633,-3,267,3.5,267.5,-8.12404507972437,-6.393177245366966,True,True,1.9306862925718893,7.563209841835231
2025-12-09,20054033,11.141557199329036,226.93853837664804,9,225,-8.5,228.5,19.641557199329036,-1.5614616233519738,True,True,6.668301696746939,19.9049953983196
2025-12-09,20054034,-4.804953805835157,180.12854758000884,-16,218,0.0,0.0,-4.804953805835157,180.12854758000884,True,True,6.668301696746939,19.9049953983196
2025-12-10,20054035,-6.481820524664169,171.63506430916024,49,227,0.0,0.0,-6.481820524664169,171.63506430916024,True,True,30.392931475994448,64.93004731196461
2025-12-10,20054036,-7.695957572675277,176.50484106691053,-13,251,0.0,0.0,-7.695957572675277,176.50484106691053,True,True,30.392931475994448,64.93004731196461
2025-12-11,20054958,3.1657997676292924,214.92579409800888,2,228,-1.5,224.5,4.665799767629292,-9.574205901991125,True,True,1.4921117174941732,5.774028995724677
2025-12-11,20054959,12.72860634995262,221.09421091604506,15,217,-15.5,218.5,28.22860634995262,2.5942109160450517,True,True,1.4921117174941732,5.774028995724677
2025-12-11,20054960,25.00913042643497,261.6750387720433,23,263,-22.5,260.5,47.50913042643497,1.1750387720433126,True,True,1.4921117174941732,5.774028995724677
2025-12-11,20054961,-31.52212302586505,236.39726206309416,-31,241,29.5,235.5,-61.02212302586505,0.8972620630941693,True,False,1.4921117174941732,5.774028995724677
2025-12-12,20054962,-1.6963933818350716,244.03228236377836,-3,255,4.5,243.5,-6.196393381835072,0.5322823637783526,True,False,3.70041602314243,5.642786155233158
2025-12-12,20054963,21.531495803775506,255.5950588301591,27,257,-24.5,256.5,46.031495803775506,-0.9049411698408968,True,False,3.70041602314243,5.642786155233158
2025-12-12,20054964,0.2881118642765544,204.11553364658437,10,220,0.0,0.0,0.2881118642765544,204.11553364658437,False,True,3.70041602314243,5.642786155233158
2025-12-12,20054965,-7.91625540390012,254.5656766669434,-4,256,6.5,256.5,-14.41625540390012,-1.9343233330566023,True,True,3.70041602314243,5.642786155233158
2025-12-12,20054966,-0.22109740542143808,260.0648793372581,-4,256,3.5,261.5,-3.721097405421438,-1.435120662741898,True,True,3.70041602314243,5.642786155233158
2025-12-12,20054967,8.924179562470862,235.61410732980843,8,230,-7.5,238.5,16.42417956247086,-2.8858926701915797,True,True,3.70041602314243,5.642786155233158
2025-12-12,20054968,-6.200424349065399,246.8709320729692,-7,247,6.5,247.5,-12.700424349065399,-0.6290679270308089,True,False,3.70041602314243,5.642786155233158
2025-12-13,20290668,10.319986255562817,252.76332780098892,-12,252,-11.5,256.5,21.819986255562817,-3.736672199011074,True,True,11.545324930810386,4.317671205605791
2025-12-13,20314126,-1.2293363939420452,227.87201461022266,-2,220,3.5,217.5,-4.729336393942045,10.372014610222651,True,True,11.545324930810386,4.317671205605791
2025-12-14,20054969,-13.56064412768496,292.33565652859926,-19,197,16.5,200.5,-30.06064412768496,91.83565652859924,True,True,5.404424065890385,16.724921218597277
2025-12-14,20054970,1.8589442113842498,231.7316749888506,3,237,-2.5,236.5,4.35894421138425,-4.768325011149373,True,True,5.404424065890385,16.724921218597277
2025-12-14,20054971,-3.6263082787662526,232.68446500695617,-8,230,4.5,237.5,-8.126308278766253,-4.815534993043828,True,True,5.404424065890385,16.724921218597277
2025-12-14,20054972,18.02805565021233,221.41682925478204,45,209,-41.5,215.5,59.52805565021233,5.91682925478203,True,True,5.404424065890385,16.724921218597277
2025-12-14,20054973,12.371353547171484,221.03983539081355,14,220,-14.5,224.5,26.871353547171484,-3.4601646091864446,True,True,5.404424065890385,16.724921218597277
2025-12-14,20054974,5.5988707382819385,265.92613692093045,5,267,-3.5,266.5,9.098870738281938,-0.5738630790695359,True,False,5.404424065890385,16.724921218597277
2025-12-14,20054976,-11.328720503803531,208.62294538945883,-10,218,9.5,217.5,-20.82872050380353,-8.877054610541169,True,True,5.404424065890385,16.724921218597277
2025-12-14,20314134,-0.24689289974311013,236.6033408668671,-2,230,4.5,228.5,-4.74689289974311,8.103340866867073,True,True,5.404424065890385,16.724921218597277
2025-12-15,20054975,-3.1029807831360685,228.41951609690207,-7,217,6.5,222.5,-9.602980783136069,5.919516096902064,True,True,3.0736441111688007,7.3197111197950395
2025-12-15,20054977,5.8643254629218315,275.34054337682505,7,273,-7.5,278.5,13.364325462921832,-3.1594566231749575,True,True,3.0736441111688007,7.3197111197950395
2025-12-15,20054978,7.5464558757385625,258.4862310393937,3,253,-3.5,255.5,11.046455875738562,2.9862310393937164,True,True,3.0736441111688007,7.3197111197950395
2025-12-15,20054979,-14.60930157473431,226.72819438144023,-18,224,17.5,227.5,-32.10930157473431,-0.7718056185597688,True,False,3.0736441111688007,7.3197111197950395
2025-12-15,20290680,-7.601627499102349,187.37592929558588,-10,202,7.5,206.5,-15.10162749910235,-19.124070704414134,True,True,3.0736441111688007,7.3197111197950395
2025-12-16,20377171,11.988561742082268,234.1440935144336,11,237,-10.5,236.5,22.48856174208227,-2.3559064855664076,True,True,0.9885617420822683,2.8559064855664076
2025-12-17,18447176,10.721278009855961,242.67069587061667,16,238,-14.5,244.5,25.22127800985596,-1.829304129383329,True,True,3.3823194168555144,4.151146828447324
2025-12-17,18447177,-7.48591684356699,222.36840221372202,-6,226,7.5,220.5,-14.98591684356699,1.868402213722014,True,True,3.3823194168555144,4.151146828447324
2025-12-18,18447178,8.432622632407789,226.8154588246185,21,223,-14.5,225.5,22.93262263240779,1.3154588246185124,True,True,3.547021752823946,18.04782553866698
2025-12-18,18447179,24.952092424923222,222.2195493002177,25,213,-24.5,213.5,49.45209242492322,8.71954930021769,True,True,3.547021752823946,18.04782553866698
2025-12-18,18447180,2.504675774873613,277.6672871009961,7,259,-7.5,256.5,10.004675774873613,21.1672871009961,True,True,3.547021752823946,18.04782553866698
2025-12-18,18447181,-1.4825600355324213,229.25708452277033,-1,227,1.5,228.5,-2.9825600355324213,0.7570845227703275,True,False,3.547021752823946,18.04782553866698
2025-12-18,18447182,-6.434444160454696,234.45334362348643,-11,201,8.5,200.5,-14.934444160454696,33.95334362348644,True,True,3.547021752823946,18.04782553866698
2025-12-18,18447183,-6.621942460103124,191.65153236946972,-6,216,8.5,212.5,-15.121942460103124,-20.84846763053028,True,True,3.547021752823946,18.04782553866698
2025-12-18,18447184,1.0713757790942586,258.05571677196104,5,261,-2.5,260.5,3.5713757790942586,-2.444283228038944,True,True,3.547021752823946,18.04782553866698
2025-12-18,18447185,1.9269104596121895,239.3438466795868,2,230,-2.5,239.5,4.4269104596121895,-0.15615332041321342,True,False,3.547021752823946,18.04782553866698
2025-12-18,18447186,10.019979998972865,249.07929708613779,11,241,-11.5,245.5,21.519979998972865,3.579297086137791,True,True,3.547021752823946,18.04782553866698
2025-12-18,18447187,-4.640324569526736,279.34078713890483,1,197,2.5,196.5,-7.140324569526736,82.8407871389048,True,True,3.547021752823946,18.04782553866698
2025-12-18,18447188,-2.253642267585181,269.04452056422895,-8,278,4.5,267.5,-6.753642267585181,1.5445205642289337,True,True,3.547021752823946,18.04782553866698
2025-12-18,18447189,4.4151774666488794,280.14902189294503,1,267,-6.5,258.5,10.91517746664888,21.649021892945,True,True,3.547021752823946,18.04782553866698
2025-12-19,18447190,-2.4647822606909613,208.41835308987044,13,245,0.0,0.0,-2.4647822606909613,208.41835308987044,True,True,12.022398258844543,31.80755036004698
2025-12-19,18447191,-2.1207303330077876,200.10939407181192,-9,223,0.0,0.0,-2.1207303330077876,200.10939407181192,True,True,12.022398258844543,31.80755036004698
2025-12-19,18447192,-5.0729876791418285,199.9146365979182,-28,224,0.0,0.0,-5.0729876791418285,199.9146365979182,True,True,12.022398258844543,31.80755036004698
2025-12-19,18447193,-4.489417122254259,193.47359537051037,-11,261,0.0,0.0,-4.489417122254259,193.47359537051037,True,True,12.022398258844543,31.80755036004698
2025-12-19,18447194,-3.3303441679356296,211.0462690696542,5,219,0.0,0.0,-3.3303441679356296,211.0462690696542,True,True,12.022398258844543,31.80755036004698
2025-12-20,18447195,-12.196413450944725,219.6853340274745,-14,216,11.5,217.5,-23.696413450944725,2.185334027474523,True,True,3.819834856355242,22.906108327506544
2025-12-20,18447196,9.496202397833574,238.6767204823169,7,235,-7.5,240.5,16.996202397833574,-1.8232795176830812,True,True,3.819834856355242,22.906108327506544
2025-12-20,18447197,-10.347090666383835,216.0261646664561,-16,208,12.5,215.5,-22.847090666383835,0.5261646664561139,True,False,3.819834856355242,22.906108327506544
2025-12-20,18447198,17.957793470063102,232.84954379609465,19,237,-20.5,236.5,38.4577934700631,-3.6504562039053448,True,True,3.819834856355242,22.906108327506544
2025-12-20,18447199,36.54469549271797,202.81176945758415,26,198,-26.5,201.5,63.04469549271797,1.3117694575841579,True,True,3.819834856355242,22.906108327506544
2025-12-20,18447200,-9.580468223515972,249.52351132032723,-8,252,7.5,252.5,-17.08046822351597,-2.9764886796727805,True,True,3.819834856355242,22.906108327506544
2025-12-20,18447201,5.83470760656064,226.77198029210933,3,235,-3.5,225.5,9.33470760656064,1.2719802921093206,True,True,3.819834856355242,22.906108327506544
2025-12-20,18447202,-8.019055741661651,257.141294130155,-1,255,1.5,252.5,-9.519055741661651,4.641294130155012,True,True,3.819834856355242,22.906108327506544
2025-12-20,18447203,-4.62174128930792,378.64382070413455,-5,191,4.5,195.5,-9.12174128930792,183.14382070413453,True,True,3.819834856355242,22.906108327506544
2025-12-20,18447204,10.153742022037804,186.7789847845246,15,191,-9.5,196.5,19.653742022037804,-9.721015215475415,True,True,3.819834856355242,22.906108327506544
2025-12-21,18447205,3.1432943834684473,249.70060930579865,-2,302,-4.5,254.5,7.643294383468447,-4.7993906942013504,True,True,2.838003479419936,36.759779092192716
2025-12-21,18447206,13.145627792929861,330.52548383298796,15,177,-13.5,181.5,26.64562779292986,149.02548383298796,True,True,2.838003479419936,36.759779092192716
2025-12-21,18447207,8.491330263748104,256.0460563698715,7,257,-8.5,255.5,16.991330263748104,0.54605636987149,True,False,2.838003479419936,36.759779092192716
2025-12-21,18447208,-15.100365245589366,237.159575536585,-11,237,13.5,239.5,-28.600365245589366,-2.3404244634149842,True,True,2.838003479419936,36.759779092192716
2025-12-21,18447209,6.334662153069123,196.14073614261247,3,203,-6.5,202.5,12.834662153069123,-6.359263857387522,True,True,2.838003479419936,36.759779092192716
2025-12-21,18447210,-0.1039966235744374,242.23898299813405,1,249,-1.5,249.5,1.3960033764255626,-7.261017001865942,True,True,2.838003479419936,36.759779092192716
2025-12-22,18447211,10.872244900584796,268.7316083932237,7,271,-12.5,270.5,23.372244900584796,-1.7683916067762735,True,True,3.676338976300806,5.527270912463406
2025-12-22,18447212,9.871443652606228,213.04266959999248,8,198,-9.5,201.5,19.371443652606228,11.54266959999248,True,True,3.676338976300806,5.527270912463406
2025-12-22,18447213,7.867250447735401,231.11247047720443,6,232,-8.5,229.5,16.3672504477354,1.6124704772044152,True,True,3.676338976300806,5.527270912463406
2025-12-22,18447214,17.697989621085284,253.6529488108079,23,247,-18.5,251.5,36.197989621085284,2.152948810807922,True,True,3.676338976300806,5.527270912463406
2025-12-22,18447215,13.169797568901934,227.75847030513265,16,222,-15.5,223.5,28.669797568901934,4.258470305132648,True,True,3.676338976300806,5.527270912463406
2025-12-22,18447216,13.342593956333271,223.80170700168074,23,217,-16.5,219.5,29.84259395633327,4.30170700168074,True,True,3.676338976300806,5.527270912463406
2025-12-22,18447217,-7.666185020500295,210.7208204599418,-8,212,7.5,219.5,-15.166185020500295,-8.779179540058205,True,True,3.676338976300806,5.527270912463406
2025-12-23,18447218,15.714222499119202,234.01908192141022,17,235,-18.5,236.5,34.2142224991192,-2.4809180785897693,True,True,2.180686982585393,2.7029361118236017
2025-12-23,18447219,-9.732980328813987,214.95060675579003,-8,220,10.5,220.5,-20.232980328813987,-5.549393244209972,True,True,2.180686982585393,2.7029361118236017
2025-12-23,18447220,-6.623450692008664,248.77163331845932,-3,249,1.5,249.5,-8.123450692008664,-0.7283666815406672,True,False,2.180686982585393,2.7029361118236017
2025-12-23,18447221,24.428323158811864,260.9560634290828,23,259,-26.5,260.5,50.928323158811864,0.4560634290828136,True,False,2.180686982585393,2.7029361118236017
2025-12-23,18447222,-13.453557941422432,203.11279948092206,-17,205,14.5,204.5,-27.95355794142243,-1.3872005190779493,True,True,2.180686982585393,2.7029361118236017
2025-12-23,18447223,-18.81484040922131,196.0475164275253,-21,203,18.5,203.5,-37.31484040922131,-7.452483572474713,True,True,2.180686982585393,2.7029361118236017
2025-12-23,18447224,0.6095945272461996,261.4887330186839,1,261,-2.5,266.5,3.1095945272461996,-5.011266981316135,True,True,2.180686982585393,2.7029361118236017
2025-12-23,18447225,8.878823234130113,216.17265218672443,11,219,-10.5,218.5,19.378823234130113,-2.327347813275555,True,True,2.180686982585393,2.7029361118236017
2025-12-23,18447226,21.44381240543968,230.60294778648492,20,240,-19.5,233.5,40.94381240543968,-2.8970522135150847,True,True,2.180686982585393,2.7029361118236017
2025-12-23,18447227,24.04070763939535,244.02969714872873,24,240,-24.5,242.5,48.54070763939535,1.5296971487287194,True,True,2.180686982585393,2.7029361118236017
2025-12-23,18447228,-12.273584370599842,263.88398514904173,-9,265,8.5,267.5,-20.773584370599842,-3.616014850958249,True,True,2.180686982585393,2.7029361118236017
2025-12-23,18447229,-7.980577667834364,218.40539259251258,-4,216,1.5,224.5,-9.480577667834364,-6.094607407487412,True,True,2.180686982585393,2.7029361118236017
2025-12-23,18447230,-12.23224395617833,263.3728321697365,-9,263,9.5,262.5,-21.73224395617833,0.872832169736533,True,False,2.180686982585393,2.7029361118236017
2025-12-23,18447231,22.244976148252682,235.85038976685607,20,236,-25.5,235.5,47.74497614825268,0.35038976685607404,True,False,2.180686982585393,2.7029361118236017
2025-12-25,18447232,5.752789658908647,245.0322382215563,2,250,-5.5,245.5,11.252789658908647,-0.46776177844368766,True,False,4.287144888048299,7.013533065667462
2025-12-25,18447233,-16.282945848467588,217.5294278720425,-15,219,13.5,220.5,-29.782945848467588,-2.970572127957485,True,True,4.287144888048299,7.013533065667462
2025-12-25,18447234,12.129542325100676,239.062716726049,10,242,-10.5,240.5,22.629542325100676,-1.4372832739509966,True,True,4.287144888048299,7.013533065667462
2025-12-25,18447235,-36.50259444187797,218.23209272580957,-23,215,24.5,213.5,-61.00259444187797,4.732092725809574,True,True,4.287144888048299,7.013533065667462
2025-12-25,18447236,3.2321478341133805,257.54004457782446,4,280,-1.5,258.5,4.7321478341133805,-0.959955422175567,True,False,4.287144888048299,7.013533065667462
2025-12-26,18447237,-15.048555471671257,237.597918637126,-15,237,11.5,238.5,-26.548555471671257,-0.9020813628739819,True,False,3.150912391885041,5.548064355828403
2025-12-26,18447238,-14.042498308664406,228.24552076097225,-15,225,15.5,225.5,-29.542498308664406,2.745520760972248,True,True,3.150912391885041,5.548064355828403
2025-12-26,18447239,12.789249706270756,257.00258786819137,21,255,-16.5,259.5,29.289249706270756,-2.49741213180861,True,True,3.150912391885041,5.548064355828403
2025-12-26,18447240,-18.92788792063574,256.23368961097395,-18,262,17.5,255.5,-36.42788792063574,0.7336896109739471,True,False,3.150912391885041,5.548064355828403
2025-12-26,18447241,1.7621848012045458,218.0037374301576,7,211,-3.5,218.5,5.262184801204546,-0.4962625698423912,True,False,3.150912391885041,5.548064355828403
2025-12-26,18447242,18.594374590540234,230.1229252717819,21,229,-16.5,233.5,35.094374590540234,-3.3770747282180933,True,True,3.150912391885041,5.548064355828403
2025-12-26,18447243,-2.124848689495895,244.4323510219133,-7,223,4.5,241.5,-6.624848689495895,2.9323510219132944,True,True,3.150912391885041,5.548064355828403
2025-12-26,18447244,2.0096456636036573,261.40436454842694,2,260,-2.5,261.5,4.509645663603657,-0.09563545157307604,True,False,3.150912391885041,5.548064355828403
2025-12-26,18447245,-10.314721432769453,214.64313672513978,-16,222,10.5,220.5,-20.814721432769453,-5.856863274860222,True,True,3.150912391885041,5.548064355828403
2025-12-27,18447246,5.0527012287287025,221.22261250521376,6,220,-5.5,222.5,10.552701228728703,-1.277387494786228,True,True,2.839993946619948,5.024451715920943
2025-12-27,18447247,-3.2604154792127735,248.3936291812236,1,253,-2.5,248.5,-0.7604154792127736,-0.10637081877641215,False,False,2.839993946619948,5.024451715920943
2025-12-27,18447248,-6.7346736475150415,228.9685405452628,-9,237,8.5,231.5,-15.234673647515041,-2.5314594547371905,True,True,2.839993946619948,5.024451715920943
2025-12-27,18447249,-4.536055118806543,255.33741536539296,-3,253,1.5,253.5,-6.036055118806543,1.837415365392943,True,True,2.839993946619948,5.024451715920943
2025-12-27,18447250,20.89822619690174,260.35311626142425,26,258,-22.5,261.5,43.39822619690174,-1.1468837385757589,True,True,2.839993946619948,5.024451715920943
2025-12-27,18447251,-4.979009935776421,211.12800193106628,-9,215,5.5,213.5,-10.479009935776421,-2.371998068933726,True,True,2.839993946619948,5.024451715920943
2025-12-27,18447252,20.151275311388154,203.93289729036965,17,217,-18.5,212.5,38.651275311388154,-8.567102709630353,True,True,2.839993946619948,5.024451715920943
2025-12-27,18447253,-17.223612104547428,224.6944296844556,-16,230,16.5,229.5,-33.72361210454743,-4.805570315544409,True,True,2.839993946619948,5.024451715920943
2025-12-27,18447254,-9.946801485453463,245.42441994363546,-13,241,8.5,246.5,-18.446801485453463,-1.0755800563645355,True,True,2.839993946619948,5.024451715920943
